"Year","Month","Day","Max Temp","Min Temp"
2006,01,01,-8.3,-11.2
2006,01,02,-2.8,-8.4
2006,01,03,-6.1,-10.3
2006,01,04,-1.0,-10.5
2006,01,05,-0.5,-3.5
2006,01,06,-2.2,-14.2
2006,01,07,-8.5,-18.0
2006,01,08,-6.1,-11.7
2006,01,09,-0.8,-6.1
2006,01,10,-0.1,-6.9
2006,01,11,1.4,-5.7
2006,01,12,3.6,-0.4
2006,01,13,8.1,-1.0
2006,01,14,6.2,-6.9
2006,01,15,-6.8,-17.4
2006,01,16,-10.3,-18.6
2006,01,17,0.7,-15.5
2006,01,18,5.0,-1.0
2006,01,19,0.8,-1.7
2006,01,20,6.4,-0.8
2006,01,21,3.2,-9.3
2006,01,22,-4.8,-13.6
2006,01,23,-3.1,-9.0
2006,01,24,1.1,-3.3
2006,01,25,1.6,-2.0
2006,01,26,-1.7,-13.8
2006,01,27,0.7,-15.1
2006,01,28,5.9,-2.5
2006,01,29,-0.6,-6.8
2006,01,30,-3.6,-6.3
2006,01,31,0.8,-4.4
2006,02,01,-1.5,-4.9
2006,02,02,3.0,-3.1
2006,02,03,5.3,-1.7
2006,02,04,3.9,1.4
2006,02,05,5.3,-1.6
2006,02,06,-1.5,-8.7
2006,02,07,-6.9,-10.0
2006,02,08,-6.9,-11.3
2006,02,09,-9.4,-15.6
2006,02,10,-11.0,-18.2
2006,02,11,-5.1,-16.8
2006,02,12,-7.6,-14.9
2006,02,13,-2.9,-13.1
2006,02,14,-0.6,-6.0
2006,02,15,6.8,-0.7
2006,02,16,0.5,-9.5
2006,02,17,4.9,-14.5
2006,02,18,-14.5,-18.8
2006,02,19,-5.4,-17.3
2006,02,20,-2.7,-8.7
2006,02,21,-1.5,-5.7
2006,02,22,-0.3,-6.1
2006,02,23,0.8,-4.3
2006,02,24,-0.5,-15.3
2006,02,25,-10.1,-15.0
2006,02,26,-10.5,-17.3
2006,02,27,-11.2,-18.3
2006,02,28,-9.0,-14.8
2006,03,01,-5.6,-17.1
2006,03,02,-2.6,-9.2
2006,03,03,-6.8,-14.4
2006,03,04,0.4,-7.5
2006,03,05,-1.4,-7.4
2006,03,06,-1.6,-8.7
2006,03,07,-2.7,-9.7
2006,03,08,-2.2,-11.2
2006,03,09,3.9,-4.6
2006,03,10,8.8,3.0
2006,03,11,8.9,1.0
2006,03,12,6.2,-0.8
2006,03,13,4.8,1.8
2006,03,14,5.7,-2.4
2006,03,15,-1.7,-5.1
2006,03,16,-0.1,-6.9
2006,03,17,-3.3,-9.0
2006,03,18,-5.9,-9.9
2006,03,19,-2.5,-8.2
2006,03,20,-1.8,-9.5
2006,03,21,0.8,-6.2
2006,03,22,3.3,-2.8
2006,03,23,8.7,-0.5
2006,03,24,7.7,1.2
2006,03,25,10.4,1.5
2006,03,26,9.3,-1.3
2006,03,27,8.1,-4.0
2006,03,28,11.3,-2.5
2006,03,29,12.8,-0.7
2006,03,30,15.4,1.0
2006,03,31,22.0,2.7
2006,04,01,14.3,2.8
2006,04,02,11.1,-1.1
2006,04,03,12.3,3.0
2006,04,04,6.0,-1.8
2006,04,05,3.3,-2.4
2006,04,06,8.3,1.0
2006,04,07,7.0,-1.9
2006,04,08,5.0,-5.5
2006,04,09,9.1,-3.5
2006,04,10,14.9,0.6
2006,04,11,17.4,2.5
2006,04,12,21.5,7.3
2006,04,13,14.6,2.8
2006,04,14,16.4,-0.9
2006,04,15,15.6,4.2
2006,04,16,12.8,4.1
2006,04,17,13.0,5.3
2006,04,18,20.0,3.5
2006,04,19,24.0,4.9
2006,04,20,21.1,4.4
2006,04,21,19.4,5.4
2006,04,22,14.9,5.3
2006,04,23,7.9,5.0
2006,04,24,10.0,6.0
2006,04,25,9.0,0.9
2006,04,26,11.2,0.6
2006,04,27,9.2,-1.6
2006,04,28,12.8,-2.6
2006,04,29,16.2,1.7
2006,04,30,21.5,2.6
2006,05,01,22.8,8.0
2006,05,02,15.0,8.2
2006,05,03,12.8,8.8
2006,05,04,24.0,5.4
2006,05,05,19.9,9.3
2006,05,06,12.8,1.2
2006,05,07,13.6,-0.2
2006,05,08,21.8,4.5
2006,05,09,23.0,10.6
2006,05,10,20.0,11.8
2006,05,11,23.8,11.4
2006,05,12,18.4,13.6
2006,05,13,13.6,10.5
2006,05,14,21.2,10.6
2006,05,15,19.6,10.9
2006,05,16,16.8,11.3
2006,05,17,14.7,11.6
2006,05,18,16.6,9.8
2006,05,19,11.8,9.0
2006,05,20,11.3,7.8
2006,05,21,13.5,7.6
2006,05,22,9.9,4.5
2006,05,23,15.6,6.0
2006,05,24,20.0,7.0
2006,05,25,25.6,8.8
2006,05,26,22.4,15.3
2006,05,27,22.5,14.7
2006,05,28,27.1,12.7
2006,05,29,28.1,18.2
2006,05,30,25.9,17.3
2006,05,31,30.8,16.3
2006,06,01,22.4,12.9
2006,06,02,25.4,10.5
2006,06,03,17.5,13.6
2006,06,04,20.4,12.0
2006,06,05,24.9,8.9
2006,06,06,27.7,14.0
2006,06,07,26.5,15.3
2006,06,08,17.5,12.1
2006,06,09,16.6,12.0
2006,06,10,13.8,8.9
2006,06,11,20.0,8.8
2006,06,12,21.1,13.7
2006,06,13,23.2,13.8
2006,06,14,24.7,14.4
2006,06,15,25.0,11.1
2006,06,16,29.1,15.2
2006,06,17,25.5,17.5
2006,06,18,32.4,18.6
2006,06,19,28.1,18.9
2006,06,20,23.5,13.1
2006,06,21,24.2,10.7
2006,06,22,27.6,18.4
2006,06,23,22.9,16.4
2006,06,24,24.8,13.4
2006,06,25,27.7,13.5
2006,06,26,23.5,20.0
2006,06,27,27.9,20.2
2006,06,28,25.2,19.9
2006,06,29,27.8,17.5
2006,06,30,21.7,15.0
2006,07,01,25.6,15.2
2006,07,02,29.9,15.3
2006,07,03,26.8,13.0
2006,07,04,27.8,17.7
2006,07,05,23.4,14.4
2006,07,06,23.9,12.9
2006,07,07,27.1,15.9
2006,07,08,28.2,17.8
2006,07,09,28.1,16.6
2006,07,10,29.2,18.6
2006,07,11,26.8,19.0
2006,07,12,25.1,20.0
2006,07,13,29.9,18.5
2006,07,14,31.5,21.3
2006,07,15,27.4,21.0
2006,07,16,30.8,19.5
2006,07,17,32.3,19.3
2006,07,18,27.6,16.1
2006,07,19,28.0,14.2
2006,07,20,30.6,18.0
2006,07,21,27.5,20.0
2006,07,22,22.7,17.2
2006,07,23,25.4,16.3
2006,07,24,25.8,17.2
2006,07,25,24.5,18.7
2006,07,26,28.7,19.6
2006,07,27,29.7,22.6
2006,07,28,26.2,21.4
2006,07,29,29.7,18.5
2006,07,30,24.0,14.4
2006,07,31,27.0,17.3
2006,08,01,34.0,22.6
2006,08,02,29.6,18.3
2006,08,03,27.1,17.7
2006,08,04,29.4,16.8
2006,08,05,23.9,12.9
2006,08,06,26.6,14.6
2006,08,07,28.8,18.6
2006,08,08,25.0,13.7
2006,08,09,25.5,12.7
2006,08,10,21.8,14.5
2006,08,11,21.1,10.6
2006,08,12,21.8,9.3
2006,08,13,23.4,10.9
2006,08,14,25.0,15.2
2006,08,15,25.1,17.9
2006,08,16,25.3,14.6
2006,08,17,25.9,13.4
2006,08,18,29.9,17.2
2006,08,19,29.1,19.8
2006,08,20,20.2,15.2
2006,08,21,25.4,15.6
2006,08,22,25.1,14.2
2006,08,23,20.5,11.1
2006,08,24,21.1,9.2
2006,08,25,20.1,9.8
2006,08,26,22.9,8.9
2006,08,27,17.9,14.5
2006,08,28,22.0,14.7
2006,08,29,24.4,15.2
2006,08,30,20.2,10.2
2006,08,31,20.8,7.9
2006,09,01,23.0,11.3
2006,09,02,21.4,12.8
2006,09,03,17.2,12.1
2006,09,04,19.1,15.1
2006,09,05,21.2,13.5
2006,09,06,19.2,14.7
2006,09,07,21.1,10.9
2006,09,08,25.9,15.7
2006,09,09,18.6,10.4
2006,09,10,17.1,6.3
2006,09,11,18.0,6.4
2006,09,12,19.8,6.7
2006,09,13,16.6,9.1
2006,09,14,17.9,13.8
2006,09,15,20.7,14.5
2006,09,16,22.8,13.9
2006,09,17,22.6,15.5
2006,09,18,27.4,15.0
2006,09,19,20.0,13.8
2006,09,20,18.0,8.6
2006,09,21,15.3,5.8
2006,09,22,17.3,6.5
2006,09,23,16.6,13.0
2006,09,24,23.2,10.3
2006,09,25,14.9,7.1
2006,09,26,16.2,7.7
2006,09,27,21.4,5.8
2006,09,28,21.5,12.8
2006,09,29,13.0,6.1
2006,09,30,15.5,3.7
2006,10,01,13.5,10.2
2006,10,02,15.3,10.2
2006,10,03,17.6,9.4
2006,10,04,17.8,6.3
2006,10,05,12.0,2.8
2006,10,06,14.4,2.8
2006,10,07,16.6,1.9
2006,10,08,19.6,7.2
2006,10,09,20.9,8.6
2006,10,10,10.8,6.0
2006,10,11,14.5,8.1
2006,10,12,14.9,4.3
2006,10,13,10.1,2.2
2006,10,14,8.8,2.1
2006,10,15,10.3,2.0
2006,10,16,13.5,3.4
2006,10,17,11.6,5.4
2006,10,18,15.0,8.9
2006,10,19,16.9,8.6
2006,10,20,8.7,2.2
2006,10,21,6.2,-0.7
2006,10,22,6.6,-2.5
2006,10,23,5.4,3.4
2006,10,24,6.6,3.6
2006,10,25,8.4,4.1
2006,10,26,8.5,1.9
2006,10,27,6.4,0.0
2006,10,28,8.6,3.7
2006,10,29,5.3,2.6
2006,10,30,8.0,-0.9
2006,10,31,6.9,0.9
2006,11,01,9.0,2.6
2006,11,02,6.2,0.2
2006,11,03,5.2,-3.0
2006,11,04,4.6,-4.7
2006,11,05,5.0,-0.8
2006,11,06,9.1,0.3
2006,11,07,11.3,0.0
2006,11,08,9.7,5.8
2006,11,09,12.7,5.9
2006,11,10,10.4,2.8
2006,11,11,5.7,2.1
2006,11,12,4.5,2.1
2006,11,13,7.7,4.3
2006,11,14,8.9,6.6
2006,11,15,10.0,6.8
2006,11,16,17.4,8.4
2006,11,17,16.9,2.3
2006,11,18,4.4,1.5
2006,11,19,2.5,-0.2
2006,11,20,1.1,-1.1
2006,11,21,2.6,-2.0
2006,11,22,6.3,-2.5
2006,11,23,5.6,-2.9
2006,11,24,5.6,-4.4
2006,11,25,8.5,-4.5
2006,11,26,8.0,-3.1
2006,11,27,6.4,-0.2
2006,11,28,2.2,-0.2
2006,11,29,12.5,1.0
2006,11,30,17.5,4.3
2006,12,01,4.5,-1.4
2006,12,02,4.4,-4.0
2006,12,03,-1.9,-5.6
2006,12,04,-3.2,-10.9
2006,12,05,-3.8,-13.7
2006,12,06,3.8,-8.9
2006,12,07,3.0,-11.2
2006,12,08,-3.4,-13.8
2006,12,09,2.6,-4.3
2006,12,10,4.8,1.8
2006,12,11,2.7,-0.2
2006,12,12,0.2,-4.4
2006,12,13,8.1,-0.9
2006,12,14,9.9,3.5
2006,12,15,11.8,4.6
2006,12,16,5.9,-0.3
2006,12,17,9.5,0.8
2006,12,18,4.8,-2.4
2006,12,19,-0.2,-5.2
2006,12,20,5.5,-5.8
2006,12,21,5.1,-4.5
2006,12,22,1.5,-4.2
2006,12,23,6.1,0.5
2006,12,24,5.4,1.1
2006,12,25,4.2,0.1
2006,12,26,4.0,-2.1
2006,12,27,-2.0,-7.6
2006,12,28,-4.3,-12.7
2006,12,29,-7.2,-17.5
2006,12,30,-6.5,-9.0
2006,12,31,-1.8,-10.7
2007,01,01,5.9,-2.4
2007,01,02,4.3,-2.4
2007,01,03,5.9,0.2
2007,01,04,9.6,0.5
2007,01,05,9.8,4.4
2007,01,06,11.4,2.9
2007,01,07,4.4,0.5
2007,01,08,6.0,0.4
2007,01,09,1.7,-4.7
2007,01,10,-4.7,-12.6
2007,01,11,0.6,-12.7
2007,01,12,4.8,0.5
2007,01,13,4.4,-9.1
2007,01,14,-3.3,-9.2
2007,01,15,-5.5,-10.1
2007,01,16,-9.5,-22.0
2007,01,17,-12.3,-24.1
2007,01,18,-2.8,-13.2
2007,01,19,-1.2,-4.7
2007,01,20,-3.9,-17.0
2007,01,21,-11.9,-19.4
2007,01,22,-9.0,-13.8
2007,01,23,-2.0,-13.0
2007,01,24,-1.2,-18.3
2007,01,25,-15.0,-19.4
2007,01,26,-18.0,-21.4
2007,01,27,-13.4,-21.5
2007,01,28,-8.5,-18.5
2007,01,29,-12.2,-21.7
2007,01,30,-14.4,-23.1
2007,01,31,-9.7,-20.1
2007,02,01,-2.4,-11.8
2007,02,02,0.0,-7.2
2007,02,03,-3.4,-9.7
2007,02,04,-8.2,-17.1
2007,02,05,-15.5,-22.5
2007,02,06,-10.5,-16.7
2007,02,07,-12.5,-15.6
2007,02,08,-9.7,-14.1
2007,02,09,-10.7,-17.2
2007,02,10,-7.5,-14.0
2007,02,11,-4.2,-16.3
2007,02,12,-6.1,-21.1
2007,02,13,-14.8,-23.3
2007,02,14,-11.7,-15.5
2007,02,15,-14.2,-18.3
2007,02,16,-5.9,-14.5
2007,02,17,-3.2,-8.2
2007,02,18,-4.8,-18.1
2007,02,19,-14.5,-22.9
2007,02,20,-8.5,-15.0
2007,02,21,-3.9,-14.4
2007,02,22,-5.0,-9.4
2007,02,23,-6.8,-13.4
2007,02,24,-4.3,-13.7
2007,02,25,-3.2,-15.1
2007,02,26,-1.9,-10.9
2007,02,27,1.8,-11.7
2007,02,28,-1.6,-9.2
2007,03,01,-2.9,-13.6
2007,03,02,-0.4,-8.7
2007,03,03,2.8,-3.9
2007,03,04,-0.2,-5.4
2007,03,05,-2.2,-19.4
2007,03,06,-17.0,-24.3
2007,03,07,-9.9,-22.8
2007,03,08,-12.8,-19.8
2007,03,09,-8.8,-22.4
2007,03,10,3.0,-10.7
2007,03,11,3.5,-0.5
2007,03,12,6.6,-1.2
2007,03,13,7.1,1.5
2007,03,14,8.6,3.9
2007,03,15,6.6,-7.9
2007,03,16,-5.8,-10.5
2007,03,17,-3.9,-7.9
2007,03,18,-1.0,-7.3
2007,03,19,1.9,-10.1
2007,03,20,2.1,-13.3
2007,03,21,1.6,-14.3
2007,03,22,13.5,0.6
2007,03,23,6.3,-2.1
2007,03,24,5.8,-2.1
2007,03,25,6.4,-5.1
2007,03,26,5.3,1.1
2007,03,27,12.4,2.2
2007,03,28,7.4,-1.4
2007,03,29,10.0,-5.4
2007,03,30,10.8,-1.9
2007,03,31,7.5,-4.9
2007,04,01,13.5,-2.4
2007,04,02,8.8,4.3
2007,04,03,9.6,4.5
2007,04,04,4.6,0.2
2007,04,05,2.7,-1.8
2007,04,06,-0.1,-4.1
2007,04,07,0.4,-5.2
2007,04,08,1.1,-4.7
2007,04,09,5.1,-1.3
2007,04,10,6.1,-2.6
2007,04,11,5.6,-4.1
2007,04,12,4.5,0.3
2007,04,13,3.2,0.4
2007,04,14,7.0,1.7
2007,04,15,5.1,0.1
2007,04,16,4.3,0.4
2007,04,17,5.6,0.7
2007,04,18,12.4,3.3
2007,04,19,16.6,2.5
2007,04,20,20.6,2.3
2007,04,21,21.2,3.0
2007,04,22,22.7,5.7
2007,04,23,25.8,8.6
2007,04,24,14.9,3.9
2007,04,25,12.9,4.0
2007,04,26,15.0,1.9
2007,04,27,12.7,8.8
2007,04,28,9.8,7.2
2007,04,29,11.5,5.7
2007,04,30,14.5,4.7
2007,05,01,14.5,1.4
2007,05,02,16.0,3.6
2007,05,03,16.4,1.6
2007,05,04,17.5,1.8
2007,05,05,14.2,6.2
2007,05,06,15.7,3.5
2007,05,07,21.3,6.8
2007,05,08,26.2,9.8
2007,05,09,27.7,13.5
2007,05,10,29.6,16.0
2007,05,11,25.5,7.0
2007,05,12,14.0,3.7
2007,05,13,16.6,0.3
2007,05,14,21.1,6.8
2007,05,15,15.6,10.2
2007,05,16,11.3,2.3
2007,05,17,8.7,2.2
2007,05,18,13.1,3.3
2007,05,19,21.9,2.5
2007,05,20,17.7,6.0
2007,05,21,18.2,5.2
2007,05,22,19.3,5.3
2007,05,23,24.9,12.0
2007,05,24,30.6,12.8
2007,05,25,30.7,18.0
2007,05,26,23.1,12.1
2007,05,27,18.4,12.4
2007,05,28,18.9,10.4
2007,05,29,22.8,9.5
2007,05,30,19.1,14.7
2007,05,31,18.5,14.9
2007,06,01,24.6,15.5
2007,06,02,24.7,14.4
2007,06,03,26.5,13.1
2007,06,04,20.5,15.7
2007,06,05,22.9,6.9
2007,06,06,15.2,5.5
2007,06,07,16.1,8.2
2007,06,08,30.2,13.7
2007,06,09,25.5,14.2
2007,06,10,26.5,12.0
2007,06,11,29.6,17.6
2007,06,12,30.5,17.7
2007,06,13,24.6,16.6
2007,06,14,26.7,14.6
2007,06,15,28.7,12.4
2007,06,16,30.1,19.5
2007,06,17,27.8,15.2
2007,06,18,25.2,11.5
2007,06,19,31.4,18.4
2007,06,20,24.3,16.1
2007,06,21,20.4,12.0
2007,06,22,21.5,12.2
2007,06,23,21.8,10.2
2007,06,24,23.5,11.6
2007,06,25,28.5,17.9
2007,06,26,32.7,21.1
2007,06,27,32.8,20.0
2007,06,28,25.5,10.9
2007,06,29,22.8,9.5
2007,06,30,20.3,10.8
2007,07,01,17.9,10.8
2007,07,02,23.5,10.5
2007,07,03,24.7,12.8
2007,07,04,24.4,15.7
2007,07,05,23.4,16.7
2007,07,06,26.1,15.7
2007,07,07,21.9,15.6
2007,07,08,23.1,16.4
2007,07,09,22.3,16.4
2007,07,10,26.9,17.5
2007,07,11,29.1,16.9
2007,07,12,23.8,13.5
2007,07,13,21.8,14.6
2007,07,14,23.1,14.2
2007,07,15,24.1,16.7
2007,07,16,24.7,14.5
2007,07,17,25.8,14.4
2007,07,18,26.0,16.6
2007,07,19,20.7,17.7
2007,07,20,17.8,14.4
2007,07,21,25.8,13.0
2007,07,22,26.1,11.3
2007,07,23,27.4,13.1
2007,07,24,27.3,20.3
2007,07,25,28.5,17.5
2007,07,26,29.9,19.5
2007,07,27,29.8,20.9
2007,07,28,26.6,18.8
2007,07,29,27.0,16.9
2007,07,30,27.8,14.9
2007,07,31,31.1,19.7
2007,08,01,28.9,17.5
2007,08,02,32.9,22.5
2007,08,03,31.4,21.4
2007,08,04,26.2,14.5
2007,08,05,24.5,11.7
2007,08,06,21.9,14.7
2007,08,07,26.2,17.7
2007,08,08,28.5,15.8
2007,08,09,22.2,13.5
2007,08,10,25.7,15.1
2007,08,11,28.7,14.4
2007,08,12,29.2,20.0
2007,08,13,25.8,16.3
2007,08,14,21.6,11.7
2007,08,15,25.7,14.8
2007,08,16,24.7,12.5
2007,08,17,23.5,10.2
2007,08,18,19.3,12.1
2007,08,19,20.8,8.8
2007,08,20,20.3,7.2
2007,08,21,23.2,9.3
2007,08,22,23.6,13.8
2007,08,23,25.1,17.6
2007,08,24,27.9,20.3
2007,08,25,28.7,21.5
2007,08,26,25.5,15.7
2007,08,27,24.6,10.7
2007,08,28,27.0,12.4
2007,08,29,30.8,17.7
2007,08,30,21.1,13.4
2007,08,31,22.7,12.1
2007,09,01,21.2,10.5
2007,09,02,23.5,9.0
2007,09,03,26.7,13.8
2007,09,04,21.0,9.0
2007,09,05,19.1,6.9
2007,09,06,28.2,12.5
2007,09,07,32.4,19.3
2007,09,08,27.0,14.6
2007,09,09,18.4,12.0
2007,09,10,22.2,8.3
2007,09,11,20.2,14.0
2007,09,12,19.6,8.8
2007,09,13,18.0,6.9
2007,09,14,24.0,11.2
2007,09,15,15.6,6.0
2007,09,16,15.1,4.4
2007,09,17,19.4,6.1
2007,09,18,21.6,7.6
2007,09,19,25.6,10.9
2007,09,20,24.5,14.2
2007,09,21,25.3,11.5
2007,09,22,28.2,15.1
2007,09,23,22.4,11.3
2007,09,24,25.5,10.7
2007,09,25,29.3,16.1
2007,09,26,26.5,17.6
2007,09,27,17.8,13.1
2007,09,28,20.1,10.4
2007,09,29,17.3,6.8
2007,09,30,18.4,5.9
2007,10,01,21.2,12.2
2007,10,02,20.8,13.1
2007,10,03,25.6,16.3
2007,10,04,23.3,12.5
2007,10,05,25.1,10.4
2007,10,06,17.6,9.1
2007,10,07,14.5,7.2
2007,10,08,12.6,6.7
2007,10,09,13.6,4.3
2007,10,10,16.4,10.2
2007,10,11,13.5,10.6
2007,10,12,12.0,3.9
2007,10,13,9.4,1.3
2007,10,14,9.4,3.3
2007,10,15,10.7,3.0
2007,10,16,11.4,1.1
2007,10,17,13.3,0.3
2007,10,18,18.6,9.0
2007,10,19,24.7,10.3
2007,10,20,17.9,14.0
2007,10,21,23.4,11.2
2007,10,22,25.3,10.9
2007,10,23,17.8,4.2
2007,10,24,12.4,2.5
2007,10,25,12.2,2.6
2007,10,26,15.8,1.7
2007,10,27,15.5,10.1
2007,10,28,10.1,-1.8
2007,10,29,10.1,-3.1
2007,10,30,10.2,1.0
2007,10,31,17.7,4.4
2007,11,01,16.2,1.5
2007,11,02,8.1,-2.8
2007,11,03,5.2,-2.9
2007,11,04,11.3,-0.5
2007,11,05,10.7,1.9
2007,11,06,9.2,4.2
2007,11,07,4.4,-1.8
2007,11,08,1.9,-2.4
2007,11,09,5.0,-4.3
2007,11,10,2.7,-5.8
2007,11,11,3.8,-6.6
2007,11,12,7.0,-0.8
2007,11,13,9.2,2.6
2007,11,14,14.5,-0.3
2007,11,15,9.6,4.0
2007,11,16,4.1,-1.7
2007,11,17,2.4,-3.1
2007,11,18,2.7,-6.2
2007,11,19,3.7,-6.8
2007,11,20,3.6,-2.5
2007,11,21,2.2,-1.6
2007,11,22,0.5,-4.6
2007,11,23,-4.5,-7.4
2007,11,24,-2.0,-9.2
2007,11,25,4.3,-2.1
2007,11,26,3.8,-0.5
2007,11,27,2.4,-2.3
2007,11,28,-2.3,-9.5
2007,11,29,4.5,-5.4
2007,11,30,0.3,-6.9
2007,12,01,-6.8,-15.4
2007,12,02,-9.0,-14.1
2007,12,03,0.8,-9.0
2007,12,04,-4.0,-8.3
2007,12,05,-5.7,-12.2
2007,12,06,-3.1,-14.5
2007,12,07,-2.3,-6.5
2007,12,08,1.1,-14.9
2007,12,09,-9.4,-16.4
2007,12,10,-5.0,-11.2
2007,12,11,-0.1,-8.3
2007,12,12,1.2,-13.8
2007,12,13,-11.6,-16.4
2007,12,14,-1.0,-15.7
2007,12,15,-14.0,-21.3
2007,12,16,-10.3,-15.7
2007,12,17,-9.4,-16.0
2007,12,18,-10.1,-17.5
2007,12,19,-7.9,-11.8
2007,12,20,-6.3,-8.6
2007,12,21,-2.4,-6.8
2007,12,22,1.7,-2.9
2007,12,23,8.7,0.9
2007,12,24,1.0,-4.3
2007,12,25,1.7,-0.9
2007,12,26,0.5,-0.5
2007,12,27,0.4,-1.4
2007,12,28,0.6,-1.2
2007,12,29,4.5,-1.3
2007,12,30,0.8,-4.3
2007,12,31,-2.1,-8.1
2008,01,01,-2.3,-7.2
2008,01,02,-7.1,-21.2
2008,01,03,-14.4,-25.0
2008,01,04,-1.7,-14.4
2008,01,05,-0.3,-4.1
2008,01,06,3.4,-0.3
2008,01,07,6.0,2.0
2008,01,08,9.8,3.5
2008,01,09,11.3,3.3
2008,01,10,3.4,-1.2
2008,01,11,4.9,-1.4
2008,01,12,3.5,-4.5
2008,01,13,-3.7,-7.7
2008,01,14,-4.3,-7.2
2008,01,15,-3.5,-11.5
2008,01,16,-5.1,-12.9
2008,01,17,-0.7,-13.2
2008,01,18,3.7,-5.4
2008,01,19,-1.5,-12.0
2008,01,20,-12.0,-19.8
2008,01,21,-8.2,-20.9
2008,01,22,-5.4,-11.5
2008,01,23,-5.9,-15.5
2008,01,24,-10.5,-17.9
2008,01,25,-5.0,-19.6
2008,01,26,-3.6,-15.1
2008,01,27,-7.3,-13.4
2008,01,28,-2.7,-14.7
2008,01,29,-1.1,-12.0
2008,01,30,4.6,-9.4
2008,01,31,-5.7,-10.0
2008,02,01,-4.7,-9.3
2008,02,02,-3.9,-7.2
2008,02,03,0.5,-5.5
2008,02,04,-2.1,-5.9
2008,02,05,1.2,-5.7
2008,02,06,-0.6,-8.5
2008,02,07,-8.2,-10.5
2008,02,08,-1.7,-9.4
2008,02,09,-0.2,-6.8
2008,02,10,1.4,-13.1
2008,02,11,-13.0,-16.6
2008,02,12,-11.9,-19.8
2008,02,13,-4.3,-13.6
2008,02,14,-3.1,-17.4
2008,02,15,-1.0,-15.5
2008,02,16,-8.9,-20.2
2008,02,17,2.7,-12.2
2008,02,18,7.4,0.3
2008,02,19,1.3,-10.1
2008,02,20,-9.5,-15.2
2008,02,21,-8.7,-17.9
2008,02,22,-6.6,-15.7
2008,02,23,-4.0,-11.9
2008,02,24,1.1,-10.9
2008,02,25,1.3,-6.1
2008,02,26,0.1,-4.9
2008,02,27,-4.7,-12.5
2008,02,28,-12.4,-19.8
2008,02,29,-6.1,-23.4
2008,03,01,-0.6,-7.9
2008,03,02,-2.3,-12.9
2008,03,03,6.8,-9.6
2008,03,04,7.0,-8.6
2008,03,05,-4.5,-8.9
2008,03,06,1.2,-11.5
2008,03,07,5.3,-5.0
2008,03,08,0.4,-6.4
2008,03,09,-5.8,-12.5
2008,03,10,-4.9,-15.2
2008,03,11,0.7,-13.4
2008,03,12,1.3,-10.1
2008,03,13,-6.3,-14.1
2008,03,14,-1.2,-8.2
2008,03,15,-0.5,-6.1
2008,03,16,1.5,-8.4
2008,03,17,-1.6,-11.4
2008,03,18,2.5,-11.8
2008,03,19,2.3,0.2
2008,03,20,3.7,-6.1
2008,03,21,-2.9,-10.2
2008,03,22,-1.9,-10.7
2008,03,23,-5.3,-11.5
2008,03,24,-3.6,-12.2
2008,03,25,3.2,-10.5
2008,03,26,4.9,-1.4
2008,03,27,4.0,-1.6
2008,03,28,1.9,-7.5
2008,03,29,-1.2,-10.5
2008,03,30,1.9,-9.6
2008,03,31,3.1,-0.4
2008,04,01,13.1,-1.2
2008,04,02,1.5,-4.7
2008,04,03,7.2,-3.5
2008,04,04,4.0,-1.9
2008,04,05,8.4,0.4
2008,04,06,9.1,-0.4
2008,04,07,12.8,1.5
2008,04,08,12.8,3.7
2008,04,09,15.7,2.3
2008,04,10,8.5,-0.3
2008,04,11,3.3,-2.5
2008,04,12,3.4,0.1
2008,04,13,5.6,-0.6
2008,04,14,9.5,-0.7
2008,04,15,10.9,-0.8
2008,04,16,18.2,2.8
2008,04,17,23.7,1.5
2008,04,18,21.3,4.3
2008,04,19,18.8,6.2
2008,04,20,21.6,4.6
2008,04,21,21.3,5.5
2008,04,22,25.1,7.9
2008,04,23,24.0,8.9
2008,04,24,20.2,6.3
2008,04,25,20.2,5.6
2008,04,26,21.3,8.3
2008,04,27,20.5,11.1
2008,04,28,13.9,8.5
2008,04,29,8.6,0.1
2008,04,30,9.7,-0.4
2008,05,01,11.2,1.1
2008,05,02,15.7,1.9
2008,05,03,13.1,7.4
2008,05,04,14.9,6.1
2008,05,05,17.9,4.4
2008,05,06,18.6,7.4
2008,05,07,17.5,3.8
2008,05,08,17.2,5.4
2008,05,09,15.5,4.7
2008,05,10,18.8,7.3
2008,05,11,19.6,8.1
2008,05,12,18.2,8.8
2008,05,13,21.4,8.7
2008,05,14,25.7,9.0
2008,05,15,19.7,9.2
2008,05,16,16.3,5.5
2008,05,17,21.5,5.0
2008,05,18,17.9,6.8
2008,05,19,11.9,6.5
2008,05,20,16.6,5.9
2008,05,21,12.9,7.2
2008,05,22,14.7,6.4
2008,05,23,18.6,8.1
2008,05,24,22.4,8.8
2008,05,25,22.7,6.9
2008,05,26,19.2,13.9
2008,05,27,18.2,4.6
2008,05,28,16.7,2.9
2008,05,29,22.6,9.7
2008,05,30,21.0,9.5
2008,05,31,17.6,12.7
2008,06,01,17.2,13.6
2008,06,02,21.9,12.8
2008,06,03,16.9,10.3
2008,06,04,19.4,13.5
2008,06,05,23.2,12.6
2008,06,06,21.3,16.0
2008,06,07,30.7,17.5
2008,06,08,31.0,19.6
2008,06,09,27.8,21.5
2008,06,10,31.1,18.5
2008,06,11,25.9,12.4
2008,06,12,22.7,9.8
2008,06,13,26.8,15.2
2008,06,14,28.9,18.6
2008,06,15,28.2,16.3
2008,06,16,26.6,15.0
2008,06,17,21.8,13.6
2008,06,18,18.4,12.8
2008,06,19,18.8,12.8
2008,06,20,20.9,13.0
2008,06,21,24.8,13.7
2008,06,22,24.4,16.2
2008,06,23,20.9,15.2
2008,06,24,24.5,13.3
2008,06,25,26.7,14.4
2008,06,26,26.3,17.6
2008,06,27,26.8,18.3
2008,06,28,22.8,18.3
2008,06,29,28.3,18.7
2008,06,30,25.8,17.8
2008,07,01,25.5,16.0
2008,07,02,27.4,16.0
2008,07,03,24.0,14.0
2008,07,04,25.2,13.1
2008,07,05,27.1,16.4
2008,07,06,28.0,17.6
2008,07,07,31.3,15.6
2008,07,08,33.0,19.0
2008,07,09,25.9,18.9
2008,07,10,22.7,15.0
2008,07,11,23.3,15.7
2008,07,12,27.6,15.6
2008,07,13,25.3,19.4
2008,07,14,25.1,17.8
2008,07,15,24.5,16.8
2008,07,16,28.1,14.4
2008,07,17,28.3,15.8
2008,07,18,21.6,17.3
2008,07,19,27.4,18.4
2008,07,20,23.5,16.6
2008,07,21,25.2,15.5
2008,07,22,24.7,17.6
2008,07,23,25.3,19.0
2008,07,24,23.3,17.7
2008,07,25,26.4,18.3
2008,07,26,27.8,17.1
2008,07,27,25.9,18.3
2008,07,28,25.6,17.8
2008,07,29,25.1,16.8
2008,07,30,24.6,15.4
2008,07,31,27.0,19.2
2008,08,01,26.8,17.6
2008,08,02,26.3,18.1
2008,08,03,22.8,17.4
2008,08,04,24.9,15.7
2008,08,05,24.6,16.9
2008,08,06,21.9,15.9
2008,08,07,21.7,15.7
2008,08,08,20.5,16.3
2008,08,09,23.8,14.1
2008,08,10,25.6,15.3
2008,08,11,23.7,16.8
2008,08,12,23.2,14.8
2008,08,13,22.7,12.5
2008,08,14,24.7,12.4
2008,08,15,25.2,13.7
2008,08,16,25.0,13.6
2008,08,17,25.6,17.5
2008,08,18,29.2,15.8
2008,08,19,19.0,9.9
2008,08,20,22.1,10.3
2008,08,21,25.2,14.2
2008,08,22,28.6,14.9
2008,08,23,28.8,18.4
2008,08,24,28.1,17.5
2008,08,25,21.5,10.1
2008,08,26,21.7,9.3
2008,08,27,25.6,9.6
2008,08,28,26.9,13.2
2008,08,29,25.1,16.9
2008,08,30,26.6,16.5
2008,08,31,26.1,14.3
2008,09,01,27.8,12.2
2008,09,02,30.7,16.6
2008,09,03,28.9,18.4
2008,09,04,25.7,18.5
2008,09,05,33.3,16.6
2008,09,06,24.2,16.9
2008,09,07,18.1,13.8
2008,09,08,23.8,13.6
2008,09,09,18.6,11.2
2008,09,10,18.7,7.6
2008,09,11,20.7,6.1
2008,09,12,18.0,13.5
2008,09,13,22.6,14.7
2008,09,14,26.8,17.5
2008,09,15,25.2,7.2
2008,09,16,17.5,6.2
2008,09,17,22.7,9.3
2008,09,18,14.6,5.0
2008,09,19,18.0,4.0
2008,09,20,23.0,8.1
2008,09,21,15.9,8.2
2008,09,22,15.2,4.7
2008,09,23,17.0,4.2
2008,09,24,23.5,11.6
2008,09,25,25.1,11.0
2008,09,26,20.4,12.8
2008,09,27,21.1,15.3
2008,09,28,21.2,14.1
2008,09,29,17.3,13.1
2008,09,30,20.1,12.4
2008,10,01,15.3,10.6
2008,10,02,11.4,6.1
2008,10,03,11.8,4.7
2008,10,04,11.8,3.9
2008,10,05,12.9,2.5
2008,10,06,13.3,1.9
2008,10,07,15.6,1.2
2008,10,08,17.0,1.8
2008,10,09,19.6,10.7
2008,10,10,17.4,8.0
2008,10,11,18.9,4.1
2008,10,12,17.4,5.8
2008,10,13,14.5,10.8
2008,10,14,22.6,6.2
2008,10,15,14.0,3.7
2008,10,16,16.4,4.0
2008,10,17,10.3,1.0
2008,10,18,10.7,-1.0
2008,10,19,11.3,-1.5
2008,10,20,10.7,4.0
2008,10,21,7.9,2.9
2008,10,22,4.8,-0.4
2008,10,23,7.6,-1.8
2008,10,24,13.8,-1.4
2008,10,25,12.7,6.1
2008,10,26,14.9,6.4
2008,10,27,13.2,6.7
2008,10,28,8.0,0.5
2008,10,29,1.9,0.0
2008,10,30,3.0,-0.2
2008,10,31,13.5,-1.2
2008,11,01,6.0,-3.9
2008,11,02,4.4,-5.1
2008,11,03,7.9,-0.4
2008,11,04,16.7,5.4
2008,11,05,17.6,5.1
2008,11,06,17.1,2.5
2008,11,07,15.0,7.6
2008,11,08,10.4,6.9
2008,11,09,10.0,5.9
2008,11,10,6.4,1.4
2008,11,11,3.9,-2.9
2008,11,12,4.7,-3.6
2008,11,13,7.8,-0.4
2008,11,14,14.6,7.7
2008,11,15,11.4,7.7
2008,11,16,11.2,0.6
2008,11,17,1.7,-3.5
2008,11,18,-1.5,-6.3
2008,11,19,-2.5,-8.1
2008,11,20,-1.6,-5.9
2008,11,21,-3.2,-8.5
2008,11,22,-4.1,-9.0
2008,11,23,-3.5,-9.8
2008,11,24,2.3,-6.5
2008,11,25,3.7,0.3
2008,11,26,5.4,0.1
2008,11,27,1.5,-0.2
2008,11,28,2.9,0.3
2008,11,29,1.3,-3.0
2008,11,30,4.7,-3.0
2008,12,01,7.7,0.5
2008,12,02,4.4,-1.1
2008,12,03,3.0,0.6
2008,12,04,5.4,-6.1
2008,12,05,-2.4,-9.6
2008,12,06,-0.2,-5.9
2008,12,07,-0.4,-18.2
2008,12,08,-12.5,-20.3
2008,12,09,-4.0,-12.7
2008,12,10,-2.3,-11.1
2008,12,11,-8.9,-15.0
2008,12,12,-4.4,-15.0
2008,12,13,-8.6,-20.0
2008,12,14,1.1,-12.1
2008,12,15,9.8,-2.1
2008,12,16,-2.1,-8.3
2008,12,17,-4.2,-7.5
2008,12,18,-3.2,-8.1
2008,12,19,-7.8,-17.9
2008,12,20,-14.5,-18.4
2008,12,21,-11.4,-18.5
2008,12,22,-11.5,-19.0
2008,12,23,-5.6,-21.4
2008,12,24,7.2,-6.1
2008,12,25,5.5,-13.7
2008,12,26,-8.6,-14.9
2008,12,27,3.2,-8.7
2008,12,28,12.0,0.8
2008,12,29,2.3,-3.1
2008,12,30,0.8,-15.0
2008,12,31,-13.5,-18.6
2009,01,01,-14.8,-20.1
2009,01,02,-11.4,-16.5
2009,01,03,-8.2,-13.1
2009,01,04,-8.5,-13.9
2009,01,05,-2.1,-9.4
2009,01,06,-3.9,-10.5
2009,01,07,-7.6,-10.2
2009,01,08,-7.7,-13.4
2009,01,09,-11.1,-16.9
2009,01,10,-12.4,-21.1
2009,01,11,-8.7,-16.1
2009,01,12,-4.0,-13.4
2009,01,13,1.5,-16.1
2009,01,14,-15.9,-23.2
2009,01,15,-19.2,-27.3
2009,01,16,-19.9,-28.3
2009,01,17,-16.7,-24.7
2009,01,18,-8.8,-17.9
2009,01,19,-9.1,-12.7
2009,01,20,-8.6,-17.6
2009,01,21,-5.7,-19.8
2009,01,22,-0.8,-8.9
2009,01,23,-8.9,-14.2
2009,01,24,-8.2,-22.2
2009,01,25,-12.0,-18.9
2009,01,26,-13.2,-25.8
2009,01,27,-9.0,-16.5
2009,01,28,-7.1,-14.0
2009,01,29,-5.1,-11.4
2009,01,30,-2.1,-6.0
2009,01,31,-5.8,-19.5
2009,02,01,-2.5,-15.8
2009,02,02,-1.1,-13.4
2009,02,03,-8.7,-17.5
2009,02,04,-11.4,-19.6
2009,02,05,-13.4,-22.5
2009,02,06,-6.2,-17.0
2009,02,07,6.4,-14.0
2009,02,08,5.8,-11.7
2009,02,09,-6.0,-14.3
2009,02,10,-3.9,-10.1
2009,02,11,7.4,-4.3
2009,02,12,4.4,-4.9
2009,02,13,-4.2,-12.5
2009,02,14,-3.7,-11.9
2009,02,15,-4.2,-11.7
2009,02,16,-3.5,-10.6
2009,02,17,-1.1,-9.3
2009,02,18,2.2,-6.7
2009,02,19,2.2,-7.9
2009,02,20,-6.9,-12.6
2009,02,21,-3.5,-9.0
2009,02,22,-2.7,-7.6
2009,02,23,-4.0,-9.7
2009,02,24,-6.9,-12.7
2009,02,25,-2.5,-11.7
2009,02,26,3.0,-5.6
2009,02,27,6.9,-7.2
2009,02,28,-6.9,-15.7
2009,03,01,-5.7,-16.6
2009,03,02,-7.4,-12.9
2009,03,03,-8.3,-16.6
2009,03,04,-3.4,-14.6
2009,03,05,-1.8,-15.1
2009,03,06,8.6,-3.8
2009,03,07,6.0,1.6
2009,03,08,5.6,-3.6
2009,03,09,0.0,-5.6
2009,03,10,3.0,-6.2
2009,03,11,10.3,-6.4
2009,03,12,-6.3,-10.9
2009,03,13,-2.6,-12.7
2009,03,14,5.2,-5.6
2009,03,15,8.6,-1.4
2009,03,16,2.4,-4.1
2009,03,17,9.7,-4.2
2009,03,18,11.4,0.9
2009,03,19,5.4,-4.9
2009,03,20,-0.4,-7.4
2009,03,21,6.1,-7.2
2009,03,22,1.5,-7.7
2009,03,23,-0.2,-11.2
2009,03,24,4.4,-8.5
2009,03,25,10.0,-4.5
2009,03,26,10.1,-0.9
2009,03,27,9.7,1.5
2009,03,28,15.8,1.8
2009,03,29,8.5,3.5
2009,03,30,5.2,1.7
2009,03,31,4.5,0.3
2009,04,01,8.6,1.0
2009,04,02,16.0,3.2
2009,04,03,16.2,5.4
2009,04,04,9.5,2.7
2009,04,05,7.6,0.8
2009,04,06,6.8,-0.1
2009,04,07,4.6,-1.3
2009,04,08,4.1,-1.5
2009,04,09,7.9,1.3
2009,04,10,7.9,-6.0
2009,04,11,9.2,-2.3
2009,04,12,3.9,-2.6
2009,04,13,9.8,-3.3
2009,04,14,12.2,-3.3
2009,04,15,13.1,1.4
2009,04,16,14.2,1.7
2009,04,17,19.4,3.6
2009,04,18,12.9,4.7
2009,04,19,11.9,-0.2
2009,04,20,15.5,0.7
2009,04,21,9.8,4.0
2009,04,22,13.9,5.2
2009,04,23,13.4,1.5
2009,04,24,19.9,1.5
2009,04,25,28.3,11.5
2009,04,26,18.8,7.8
2009,04,27,29.4,9.3
2009,04,28,21.8,2.6
2009,04,29,14.9,0.8
2009,04,30,21.8,4.2
2009,05,01,20.1,9.0
2009,05,02,14.6,3.6
2009,05,03,18.4,4.7
2009,05,04,19.2,7.7
2009,05,05,20.6,6.6
2009,05,06,15.9,10.0
2009,05,07,13.8,10.2
2009,05,08,20.2,10.1
2009,05,09,17.7,9.8
2009,05,10,10.1,6.0
2009,05,11,15.3,1.8
2009,05,12,17.5,2.5
2009,05,13,20.5,7.4
2009,05,14,19.1,10.9
2009,05,15,18.7,9.1
2009,05,16,19.1,8.8
2009,05,17,12.8,3.7
2009,05,18,13.7,2.1
2009,05,19,18.9,5.9
2009,05,20,17.2,5.2
2009,05,21,29.0,8.9
2009,05,22,19.4,10.6
2009,05,23,21.5,10.0
2009,05,24,23.7,9.4
2009,05,25,15.5,6.3
2009,05,26,16.6,5.4
2009,05,27,14.2,11.1
2009,05,28,15.5,10.3
2009,05,29,19.7,12.0
2009,05,30,17.3,10.2
2009,05,31,14.6,5.0
2009,06,01,15.0,4.8
2009,06,02,18.0,8.5
2009,06,03,20.0,7.0
2009,06,04,19.4,7.8
2009,06,05,23.5,7.8
2009,06,06,23.9,11.5
2009,06,07,18.1,7.8
2009,06,08,18.3,5.7
2009,06,09,15.7,11.2
2009,06,10,18.4,11.8
2009,06,11,23.1,11.6
2009,06,12,23.5,14.5
2009,06,13,24.5,11.8
2009,06,14,25.8,14.3
2009,06,15,22.9,14.4
2009,06,16,23.9,13.5
2009,06,17,25.8,13.6
2009,06,18,18.5,14.4
2009,06,19,20.2,14.2
2009,06,20,21.1,16.6
2009,06,21,25.6,18.6
2009,06,22,23.5,16.6
2009,06,23,28.8,14.9
2009,06,24,29.1,17.2
2009,06,25,31.4,19.3
2009,06,26,27.3,18.2
2009,06,27,22.8,17.1
2009,06,28,26.7,15.2
2009,06,29,21.1,16.8
2009,06,30,27.5,15.1
2009,07,01,26.4,17.1
2009,07,02,24.2,17.9
2009,07,03,24.1,18.1
2009,07,04,21.1,15.0
2009,07,05,24.3,14.8
2009,07,06,22.2,15.3
2009,07,07,20.5,15.5
2009,07,08,20.6,14.6
2009,07,09,24.5,12.9
2009,07,10,26.4,12.9
2009,07,11,24.7,16.4
2009,07,12,21.4,12.7
2009,07,13,19.1,11.5
2009,07,14,18.5,12.5
2009,07,15,22.6,10.8
2009,07,16,24.9,16.8
2009,07,17,26.2,16.2
2009,07,18,25.2,17.2
2009,07,19,23.4,16.2
2009,07,20,24.7,14.3
2009,07,21,26.9,14.7
2009,07,22,22.7,17.4
2009,07,23,25.8,16.6
2009,07,24,25.3,18.0
2009,07,25,25.2,16.9
2009,07,26,23.2,16.1
2009,07,27,26.3,17.5
2009,07,28,29.4,18.1
2009,07,29,30.3,19.8
2009,07,30,25.5,19.4
2009,07,31,23.2,18.2
2009,08,01,27.6,18.4
2009,08,02,22.3,18.2
2009,08,03,24.8,13.9
2009,08,04,28.3,18.0
2009,08,05,23.9,17.3
2009,08,06,22.6,15.4
2009,08,07,21.8,11.3
2009,08,08,22.8,9.2
2009,08,09,24.2,15.1
2009,08,10,29.4,20.4
2009,08,11,25.9,18.6
2009,08,12,28.3,17.5
2009,08,13,28.8,16.4
2009,08,14,30.0,19.8
2009,08,15,30.0,20.6
2009,08,16,30.3,21.1
2009,08,17,32.7,21.7
2009,08,18,30.4,22.1
2009,08,19,26.2,16.6
2009,08,20,25.3,15.4
2009,08,21,27.6,19.2
2009,08,22,28.2,20.1
2009,08,23,26.1,19.6
2009,08,24,25.4,16.7
2009,08,25,25.9,13.2
2009,08,26,23.5,10.4
2009,08,27,19.5,7.5
2009,08,28,19.1,9.5
2009,08,29,17.1,12.6
2009,08,30,21.8,11.9
2009,08,31,20.2,9.1
2009,09,01,22.4,9.8
2009,09,02,24.2,12.6
2009,09,03,25.0,15.4
2009,09,04,26.2,14.9
2009,09,05,21.4,11.7
2009,09,06,20.4,9.0
2009,09,07,24.1,7.6
2009,09,08,26.1,15.3
2009,09,09,22.4,11.6
2009,09,10,24.1,9.4
2009,09,11,21.4,10.7
2009,09,12,24.5,10.5
2009,09,13,22.4,10.2
2009,09,14,20.5,11.1
2009,09,15,18.3,10.6
2009,09,16,17.6,8.7
2009,09,17,20.5,6.6
2009,09,18,17.7,8.0
2009,09,19,16.5,3.9
2009,09,20,20.5,6.6
2009,09,21,24.6,8.0
2009,09,22,22.9,15.0
2009,09,23,22.8,12.4
2009,09,24,18.9,9.1
2009,09,25,15.3,5.6
2009,09,26,18.5,4.4
2009,09,27,16.0,11.3
2009,09,28,19.0,11.4
2009,09,29,14.2,9.6
2009,09,30,9.8,6.0
2009,10,01,7.8,4.7
2009,10,02,13.1,3.3
2009,10,03,15.8,9.8
2009,10,04,15.7,11.3
2009,10,05,14.9,9.0
2009,10,06,13.3,8.1
2009,10,07,15.3,9.5
2009,10,08,13.6,7.8
2009,10,09,11.8,9.3
2009,10,10,12.5,4.4
2009,10,11,10.6,2.5
2009,10,12,10.5,0.5
2009,10,13,8.6,0.9
2009,10,14,4.4,-0.9
2009,10,15,4.7,-1.6
2009,10,16,6.8,-2.6
2009,10,17,8.7,-3.0
2009,10,18,9.7,-0.9
2009,10,19,11.2,-3.6
2009,10,20,14.3,7.3
2009,10,21,9.8,3.8
2009,10,22,3.8,-0.8
2009,10,23,4.9,-2.5
2009,10,24,12.0,4.7
2009,10,25,11.2,0.2
2009,10,26,8.4,-1.3
2009,10,27,9.1,3.6
2009,10,28,7.2,3.7
2009,10,29,8.8,2.7
2009,10,30,13.6,4.0
2009,10,31,15.2,8.0
2009,11,01,11.0,4.4
2009,11,02,10.3,0.5
2009,11,03,10.6,0.1
2009,11,04,4.8,-1.4
2009,11,05,5.0,-0.5
2009,11,06,5.1,-1.3
2009,11,07,8.2,-4.5
2009,11,08,15.2,4.8
2009,11,09,18.9,4.1
2009,11,10,12.4,1.3
2009,11,11,9.7,-2.2
2009,11,12,8.4,-5.2
2009,11,13,9.7,-3.2
2009,11,14,8.4,-0.7
2009,11,15,12.4,7.1
2009,11,16,7.7,-1.2
2009,11,17,6.2,-3.0
2009,11,18,7.6,-5.0
2009,11,19,8.6,-3.2
2009,11,20,9.6,3.3
2009,11,21,10.3,1.2
2009,11,22,5.2,-0.8
2009,11,23,7.8,-1.8
2009,11,24,7.9,-1.0
2009,11,25,8.0,2.9
2009,11,26,9.9,4.9
2009,11,27,6.8,5.0
2009,11,28,7.0,2.0
2009,11,29,5.0,1.0
2009,11,30,1.4,-2.6
2009,12,01,2.6,-2.4
2009,12,02,8.1,-1.9
2009,12,03,7.2,4.3
2009,12,04,4.8,1.3
2009,12,05,2.0,-3.6
2009,12,06,1.4,-5.8
2009,12,07,-0.4,-3.9
2009,12,08,-2.0,-6.9
2009,12,09,-1.1,-5.8
2009,12,10,1.4,-5.7
2009,12,11,-5.5,-9.5
2009,12,12,-2.8,-11.6
2009,12,13,-0.9,-9.0
2009,12,14,1.1,-6.8
2009,12,15,-0.4,-7.9
2009,12,16,-7.9,-17.3
2009,12,17,-15.3,-19.8
2009,12,18,-11.2,-19.9
2009,12,19,-6.3,-21.6
2009,12,20,-8.8,-14.3
2009,12,21,-6.0,-11.9
2009,12,22,-11.4,-15.7
2009,12,23,-4.3,-11.8
2009,12,24,-0.4,-4.7
2009,12,25,-0.9,-2.8
2009,12,26,0.7,-4.0
2009,12,27,2.6,-0.5
2009,12,28,0.5,-3.0
2009,12,29,-2.9,-17.1
2009,12,30,-5.8,-18.1
2009,12,31,-3.0,-8.9
2010,01,01,-3.0,-5.2
2010,01,02,-4.0,-11.3
2010,01,03,-4.5,-11.9
2010,01,04,-5.5,-8.8
2010,01,05,-5.0,-8.7
2010,01,06,-4.6,-6.3
2010,01,07,-5.0,-7.7
2010,01,08,-6.3,-12.8
2010,01,09,-11.6,-17.0
2010,01,10,-4.6,-17.8
2010,01,11,-3.9,-6.5
2010,01,12,-6.1,-14.4
2010,01,13,-7.7,-15.3
2010,01,14,-0.2,-8.5
2010,01,15,2.7,-1.0
2010,01,16,2.2,0.5
2010,01,17,0.8,-7.9
2010,01,18,-2.0,-7.9
2010,01,19,1.0,-3.4
2010,01,20,0.6,-6.2
2010,01,21,-4.0,-8.9
2010,01,22,-1.8,-13.8
2010,01,23,-2.6,-15.1
2010,01,24,2.9,-8.3
2010,01,25,8.4,2.1
2010,01,26,2.2,0.4
2010,01,27,0.8,-4.2
2010,01,28,-3.2,-14.1
2010,01,29,-13.9,-20.0
2010,01,30,-14.9,-21.4
2010,01,31,-5.0,-16.2
2010,02,01,-5.1,-14.6
2010,02,02,-9.3,-14.7
2010,02,03,-6.0,-14.8
2010,02,04,-7.4,-13.9
2010,02,05,-5.0,-14.6
2010,02,06,-7.9,-15.7
2010,02,07,-2.9,-13.1
2010,02,08,-5.9,-10.1
2010,02,09,-3.5,-9.1
2010,02,10,0.2,-7.6
2010,02,11,-2.7,-9.9
2010,02,12,-6.8,-13.4
2010,02,13,-4.8,-9.5
2010,02,14,-2.5,-5.6
2010,02,15,-1.1,-6.7
2010,02,16,-0.3,-5.5
2010,02,17,-0.2,-3.6
2010,02,18,1.2,-3.5
2010,02,19,-0.4,-5.7
2010,02,20,0.5,-4.9
2010,02,21,-0.5,-6.8
2010,02,22,0.8,-7.7
2010,02,23,2.3,-1.9
2010,02,24,1.1,0.4
2010,02,25,2.0,0.4
2010,02,26,3.8,0.5
2010,02,27,4.6,0.7
2010,02,28,2.3,0.2
2010,03,01,6.3,1.0
2010,03,02,5.5,-2.0
2010,03,03,4.8,-3.4
2010,03,04,5.0,-3.6
2010,03,05,4.7,-4.6
2010,03,06,7.4,-4.9
2010,03,07,8.3,-1.1
2010,03,08,10.2,0.7
2010,03,09,4.5,-3.9
2010,03,10,7.0,-5.9
2010,03,11,8.3,-2.2
2010,03,12,8.2,-1.4
2010,03,13,11.0,-0.7
2010,03,14,5.2,1.9
2010,03,15,10.9,2.4
2010,03,16,13.1,-0.7
2010,03,17,14.4,-0.4
2010,03,18,14.0,5.6
2010,03,19,15.7,2.5
2010,03,20,10.1,0.8
2010,03,21,2.6,-0.1
2010,03,22,6.6,0.3
2010,03,23,4.4,-0.5
2010,03,24,10.3,-0.6
2010,03,25,13.5,-4.2
2010,03,26,-2.6,-10.2
2010,03,27,0.7,-8.9
2010,03,28,9.1,-3.2
2010,03,29,5.6,1.1
2010,03,30,6.5,-0.4
2010,03,31,11.9,3.6
2010,04,01,13.4,2.1
2010,04,02,25.6,4.4
2010,04,03,25.7,10.5
2010,04,04,18.5,9.8
2010,04,05,19.5,6.3
2010,04,06,15.3,9.1
2010,04,07,13.1,9.5
2010,04,08,9.5,2.8
2010,04,09,8.2,3.4
2010,04,10,11.2,2.3
2010,04,11,12.6,3.1
2010,04,12,13.1,0.1
2010,04,13,12.9,1.7
2010,04,14,18.0,1.9
2010,04,15,11.7,3.3
2010,04,16,7.2,4.0
2010,04,17,9.1,2.2
2010,04,18,9.6,1.4
2010,04,19,15.6,1.9
2010,04,20,20.0,6.0
2010,04,21,18.2,7.5
2010,04,22,12.4,5.8
2010,04,23,15.6,1.0
2010,04,24,19.1,4.0
2010,04,25,16.5,5.1
2010,04,26,17.8,3.0
2010,04,27,7.5,0.2
2010,04,28,13.4,0.8
2010,04,29,13.6,5.2
2010,04,30,19.6,4.5
2010,05,01,19.3,9.8
2010,05,02,26.0,10.4
2010,05,03,23.5,14.9
2010,05,04,20.2,9.2
2010,05,05,21.6,9.0
2010,05,06,17.9,7.5
2010,05,07,13.3,5.2
2010,05,08,11.9,3.3
2010,05,09,5.4,1.0
2010,05,10,11.1,-0.4
2010,05,11,15.9,0.9
2010,05,12,14.9,4.9
2010,05,13,17.5,1.6
2010,05,14,14.8,10.2
2010,05,15,17.4,9.7
2010,05,16,22.5,6.5
2010,05,17,23.5,5.9
2010,05,18,25.8,9.8
2010,05,19,20.9,12.2
2010,05,20,26.0,12.7
2010,05,21,22.2,10.0
2010,05,22,27.4,10.2
2010,05,23,27.8,14.7
2010,05,24,29.4,17.7
2010,05,25,32.0,19.2
2010,05,26,34.7,18.7
2010,05,27,26.1,15.5
2010,05,28,25.8,12.8
2010,05,29,26.2,15.7
2010,05,30,22.0,13.2
2010,05,31,24.7,12.6
2010,06,01,21.5,13.3
2010,06,02,27.1,16.5
2010,06,03,18.6,15.5
2010,06,04,23.5,15.1
2010,06,05,22.1,11.8
2010,06,06,12.5,9.7
2010,06,07,19.5,8.9
2010,06,08,19.9,9.3
2010,06,09,21.9,11.3
2010,06,10,15.6,12.3
2010,06,11,21.0,10.7
2010,06,12,21.4,13.9
2010,06,13,26.1,13.4
2010,06,14,19.6,12.8
2010,06,15,21.4,11.3
2010,06,16,20.7,12.7
2010,06,17,27.4,14.3
2010,06,18,28.1,16.3
2010,06,19,29.5,16.9
2010,06,20,27.7,19.0
2010,06,21,25.4,14.9
2010,06,22,26.1,13.7
2010,06,23,26.8,18.9
2010,06,24,24.1,15.7
2010,06,25,22.3,12.4
2010,06,26,20.6,16.7
2010,06,27,24.8,16.9
2010,06,28,27.6,17.5
2010,06,29,20.7,14.0
2010,06,30,19.3,12.4
2010,07,01,20.4,12.6
2010,07,02,24.9,12.7
2010,07,03,28.8,16.0
2010,07,04,29.6,19.5
2010,07,05,32.8,20.7
2010,07,06,33.6,24.5
2010,07,07,33.7,24.2
2010,07,08,34.2,24.2
2010,07,09,30.6,20.8
2010,07,10,28.1,20.5
2010,07,11,29.7,19.7
2010,07,12,29.5,20.0
2010,07,13,27.5,20.6
2010,07,14,28.5,20.3
2010,07,15,30.1,17.8
2010,07,16,28.0,23.2
2010,07,17,29.0,19.7
2010,07,18,25.7,20.0
2010,07,19,23.9,18.4
2010,07,20,27.4,17.1
2010,07,21,27.0,17.1
2010,07,22,27.3,16.5
2010,07,23,26.5,16.0
2010,07,24,27.3,17.8
2010,07,25,23.9,18.2
2010,07,26,26.8,15.8
2010,07,27,29.2,16.6
2010,07,28,28.9,18.9
2010,07,29,22.9,14.3
2010,07,30,20.1,12.0
2010,07,31,23.0,9.9
2010,08,01,26.3,12.0
2010,08,02,27.9,16.2
2010,08,03,25.6,19.8
2010,08,04,28.9,20.7
2010,08,05,29.2,18.5
2010,08,06,20.4,11.4
2010,08,07,21.1,9.9
2010,08,08,23.4,15.8
2010,08,09,26.8,19.3
2010,08,10,29.0,17.7
2010,08,11,26.4,16.7
2010,08,12,25.3,14.7
2010,08,13,26.3,14.2
2010,08,14,27.4,20.0
2010,08,15,25.8,19.7
2010,08,16,28.6,19.2
2010,08,17,26.9,18.4
2010,08,18,23.2,16.2
2010,08,19,26.5,13.5
2010,08,20,22.4,10.3
2010,08,21,20.7,13.0
2010,08,22,19.0,15.7
2010,08,23,24.8,16.6
2010,08,24,25.3,14.9
2010,08,25,22.9,17.1
2010,08,26,22.5,13.0
2010,08,27,21.9,11.4
2010,08,28,26.5,15.8
2010,08,29,29.8,19.1
2010,08,30,30.5,17.7
2010,08,31,32.0,22.1
2010,09,01,32.2,22.9
2010,09,02,28.1,23.0
2010,09,03,33.5,20.5
2010,09,04,22.7,14.3
2010,09,05,17.8,10.9
2010,09,06,23.4,10.2
2010,09,07,26.2,16.4
2010,09,08,21.4,15.3
2010,09,09,16.7,11.4
2010,09,10,22.2,9.2
2010,09,11,23.1,8.3
2010,09,12,20.4,11.7
2010,09,13,20.0,13.8
2010,09,14,18.8,9.1
2010,09,15,15.4,7.7
2010,09,16,14.3,7.8
2010,09,17,17.8,8.8
2010,09,18,20.9,7.4
2010,09,19,18.9,9.0
2010,09,20,18.9,7.1
2010,09,21,19.4,5.4
2010,09,22,22.9,8.7
2010,09,23,14.6,7.2
2010,09,24,22.6,9.5
2010,09,25,22.0,11.3
2010,09,26,13.3,8.8
2010,09,27,19.8,10.9
2010,09,28,24.7,15.9
2010,09,29,18.1,12.4
2010,09,30,16.5,13.5
2010,10,01,17.5,9.2
2010,10,02,12.9,4.5
2010,10,03,12.3,2.2
2010,10,04,14.6,4.1
2010,10,05,19.3,8.0
2010,10,06,13.4,10.3
2010,10,07,17.1,9.4
2010,10,08,12.8,6.2
2010,10,09,11.8,3.2
2010,10,10,15.7,5.7
2010,10,11,12.9,3.4
2010,10,12,12.3,0.9
2010,10,13,13.8,3.1
2010,10,14,15.7,9.1
2010,10,15,10.1,5.5
2010,10,16,12.4,4.7
2010,10,17,14.6,2.7
2010,10,18,10.6,1.3
2010,10,19,12.5,0.2
2010,10,20,14.4,3.3
2010,10,21,10.5,3.0
2010,10,22,6.6,0.1
2010,10,23,8.5,-0.7
2010,10,24,5.0,1.4
2010,10,25,9.4,3.7
2010,10,26,11.4,7.5
2010,10,27,19.9,8.8
2010,10,28,16.0,8.8
2010,10,29,8.9,1.2
2010,10,30,5.9,0.2
2010,10,31,2.9,0.3
2010,11,01,6.9,0.7
2010,11,02,6.0,-0.8
2010,11,03,7.8,-1.8
2010,11,04,6.9,1.9
2010,11,05,4.6,2.5
2010,11,06,5.7,-1.1
2010,11,07,5.6,-2.7
2010,11,08,5.4,-2.5
2010,11,09,9.5,2.0
2010,11,10,8.0,0.1
2010,11,11,8.4,-0.8
2010,11,12,10.1,-3.9
2010,11,13,11.6,-3.2
2010,11,14,11.5,1.9
2010,11,15,10.2,2.4
2010,11,16,11.6,-0.3
2010,11,17,11.3,4.4
2010,11,18,5.9,0.1
2010,11,19,1.3,-2.6
2010,11,20,7.1,-4.7
2010,11,21,-0.2,-6.3
2010,11,22,5.9,-0.3
2010,11,23,13.6,2.0
2010,11,24,2.6,-7.1
2010,11,25,-2.6,-8.7
2010,11,26,1.8,-3.7
2010,11,27,1.1,-6.2
2010,11,28,2.2,-5.9
2010,11,29,5.9,-0.2
2010,11,30,7.6,-1.9
2010,12,01,12.6,0.7
2010,12,02,3.4,-0.5
2010,12,03,3.9,-3.8
2010,12,04,-1.0,-4.9
2010,12,05,-3.3,-6.4
2010,12,06,-3.3,-5.6
2010,12,07,-4.3,-7.5
2010,12,08,-7.3,-10.1
2010,12,09,-9.4,-16.2
2010,12,10,-3.9,-18.7
2010,12,11,0.9,-4.0
2010,12,12,3.8,-4.6
2010,12,13,2.9,-9.5
2010,12,14,-9.4,-15.7
2010,12,15,-10.7,-15.0
2010,12,16,-8.3,-13.8
2010,12,17,-6.5,-12.8
2010,12,18,-1.0,-7.9
2010,12,19,-4.4,-11.3
2010,12,20,-4.9,-10.7
2010,12,21,-2.3,-5.9
2010,12,22,-0.4,-4.4
2010,12,23,-0.3,-11.4
2010,12,24,-5.6,-12.9
2010,12,25,-6.9,-14.6
2010,12,26,-9.0,-13.4
2010,12,27,-7.1,-13.7
2010,12,28,-5.2,-12.2
2010,12,29,-0.6,-6.6
2010,12,30,0.8,-4.9
2010,12,31,4.6,-0.5
2011,01,01,7.5,1.6
2011,01,02,8.4,-2.6
2011,01,03,-1.2,-6.1
2011,01,04,-3.4,-9.3
2011,01,05,-3.4,-9.0
2011,01,06,-5.0,-11.3
2011,01,07,-4.0,-8.0
2011,01,08,-3.1,-9.0
2011,01,09,-2.8,-8.9
2011,01,10,-6.9,-9.7
2011,01,11,-6.9,-8.8
2011,01,12,-4.4,-9.2
2011,01,13,-6.1,-9.5
2011,01,14,-6.8,-11.2
2011,01,15,-7.8,-14.9
2011,01,16,-9.7,-19.0
2011,01,17,-13.7,-23.4
2011,01,18,0.1,-15.4
2011,01,19,-3.9,-10.2
2011,01,20,-9.6,-12.4
2011,01,21,-8.2,-15.7
2011,01,22,-13.2,-19.2
2011,01,23,-16.6,-25.8
2011,01,24,-16.9,-27.9
2011,01,25,-12.5,-18.3
2011,01,26,-7.2,-17.7
2011,01,27,-3.1,-8.7
2011,01,28,-1.7,-6.9
2011,01,29,-4.4,-11.5
2011,01,30,-8.5,-16.4
2011,01,31,-15.2,-20.9
2011,02,01,-11.8,-16.4
2011,02,02,-10.6,-13.1
2011,02,03,-5.7,-15.2
2011,02,04,-3.1,-10.0
2011,02,05,1.3,-6.5
2011,02,06,1.2,-3.6
2011,02,07,1.5,-0.8
2011,02,08,-0.3,-17.2
2011,02,09,-5.0,-16.9
2011,02,10,-9.1,-14.9
2011,02,11,-5.7,-12.4
2011,02,12,-1.7,-12.5
2011,02,13,-2.6,-14.9
2011,02,14,1.4,-10.4
2011,02,15,-10.3,-19.0
2011,02,16,-4.3,-15.1
2011,02,17,6.8,-4.5
2011,02,18,9.6,0.0
2011,02,19,0.8,-11.6
2011,02,20,-8.3,-14.1
2011,02,21,-9.0,-15.7
2011,02,22,-5.8,-17.5
2011,02,23,-3.4,-16.1
2011,02,24,-1.9,-11.8
2011,02,25,-2.5,-9.3
2011,02,26,-8.9,-14.1
2011,02,27,-4.6,-12.7
2011,02,28,1.4,-6.1
2011,03,01,-2.9,-10.2
2011,03,02,2.1,-15.9
2011,03,03,-10.1,-20.4
2011,03,04,1.5,-15.5
2011,03,05,5.9,0.7
2011,03,06,5.6,-6.6
2011,03,07,-3.0,-15.4
2011,03,08,-3.2,-18.8
2011,03,09,-1.0,-12.5
2011,03,10,3.1,-1.9
2011,03,11,6.2,1.5
2011,03,12,3.1,0.4
2011,03,13,3.8,-1.9
2011,03,14,2.2,-4.7
2011,03,15,3.9,-6.6
2011,03,16,3.7,-0.6
2011,03,17,7.9,1.8
2011,03,18,11.2,-1.4
2011,03,19,2.0,-4.2
2011,03,20,4.0,-6.7
2011,03,21,3.0,0.1
2011,03,22,5.0,-5.6
2011,03,23,-0.2,-8.6
2011,03,24,1.1,-6.5
2011,03,25,-1.6,-6.5
2011,03,26,0.4,-7.1
2011,03,27,-1.2,-9.7
2011,03,28,0.7,-5.5
2011,03,29,5.3,-2.8
2011,03,30,8.4,-4.5
2011,03,31,9.5,-1.6
2011,04,01,5.5,0.8
2011,04,02,11.6,-0.4
2011,04,03,10.2,1.1
2011,04,04,8.4,1.0
2011,04,05,9.5,-0.3
2011,04,06,5.8,-2.9
2011,04,07,7.6,-4.1
2011,04,08,11.9,-4.1
2011,04,09,15.2,2.5
2011,04,10,16.4,4.2
2011,04,11,23.6,8.7
2011,04,12,13.4,3.3
2011,04,13,9.4,4.1
2011,04,14,10.4,-1.3
2011,04,15,3.7,-4.3
2011,04,16,6.2,-1.3
2011,04,17,8.7,0.9
2011,04,18,5.2,1.1
2011,04,19,8.7,-2.2
2011,04,20,7.4,0.4
2011,04,21,6.8,-0.3
2011,04,22,12.0,-1.3
2011,04,23,12.9,3.1
2011,04,24,13.5,5.7
2011,04,25,16.4,3.8
2011,04,26,13.4,7.3
2011,04,27,15.0,6.3
2011,04,28,23.5,8.4
2011,04,29,14.3,7.6
2011,04,30,17.2,3.3
2011,05,01,20.7,4.9
2011,05,02,18.6,9.2
2011,05,03,11.6,7.8
2011,05,04,8.4,6.0
2011,05,05,7.6,4.5
2011,05,06,16.8,4.5
2011,05,07,16.7,5.3
2011,05,08,16.4,8.6
2011,05,09,18.7,8.7
2011,05,10,17.3,6.7
2011,05,11,19.6,6.4
2011,05,12,21.0,7.0
2011,05,13,25.2,8.8
2011,05,14,12.7,10.5
2011,05,15,12.6,7.3
2011,05,16,7.6,6.1
2011,05,17,12.1,5.9
2011,05,18,17.6,8.7
2011,05,19,23.9,15.0
2011,05,20,23.6,14.5
2011,05,21,23.9,12.5
2011,05,22,23.4,9.7
2011,05,23,22.5,15.0
2011,05,24,23.5,10.1
2011,05,25,18.5,9.6
2011,05,26,19.9,11.1
2011,05,27,12.0,10.0
2011,05,28,21.4,10.0
2011,05,29,21.0,16.0
2011,05,30,26.3,16.2
2011,05,31,28.8,17.9
2011,06,01,29.3,16.6
2011,06,02,17.3,9.5
2011,06,03,21.7,8.2
2011,06,04,21.3,8.0
2011,06,05,22.5,13.6
2011,06,06,26.9,13.6
2011,06,07,29.1,16.3
2011,06,08,31.4,19.9
2011,06,09,27.8,17.6
2011,06,10,22.3,14.2
2011,06,11,21.5,14.2
2011,06,12,19.3,13.7
2011,06,13,15.1,12.5
2011,06,14,23.5,11.1
2011,06,15,28.1,13.8
2011,06,16,30.3,17.3
2011,06,17,26.3,17.7
2011,06,18,26.1,14.2
2011,06,19,24.2,10.1
2011,06,20,24.8,12.3
2011,06,21,27.0,13.4
2011,06,22,26.9,15.0
2011,06,23,23.5,17.8
2011,06,24,19.4,16.1
2011,06,25,21.7,15.2
2011,06,26,24.7,17.3
2011,06,27,26.8,14.9
2011,06,28,28.0,17.9
2011,06,29,20.0,14.6
2011,06,30,20.8,14.6
2011,07,01,25.9,14.0
2011,07,02,29.4,18.5
2011,07,03,30.7,20.2
2011,07,04,29.8,19.1
2011,07,05,30.1,18.3
2011,07,06,25.5,17.0
2011,07,07,24.3,15.1
2011,07,08,27.4,15.4
2011,07,09,25.8,14.5
2011,07,10,27.9,17.8
2011,07,11,30.2,20.2
2011,07,12,29.6,18.8
2011,07,13,23.7,14.7
2011,07,14,26.5,12.5
2011,07,15,28.2,13.0
2011,07,16,30.0,17.7
2011,07,17,31.7,21.1
2011,07,18,28.8,19.8
2011,07,19,27.9,18.2
2011,07,20,31.5,18.3
2011,07,21,35.6,24.4
2011,07,22,31.9,24.8
2011,07,23,32.6,18.7
2011,07,24,26.9,16.5
2011,07,25,26.6,15.1
2011,07,26,27.1,16.5
2011,07,27,25.8,15.9
2011,07,28,29.7,17.1
2011,07,29,26.6,19.3
2011,07,30,28.1,17.0
2011,07,31,27.9,14.6
2011,08,01,30.9,17.6
2011,08,02,25.2,16.4
2011,08,03,24.8,15.8
2011,08,04,26.0,17.5
2011,08,05,28.7,17.2
2011,08,06,30.8,18.0
2011,08,07,29.1,21.1
2011,08,08,27.8,17.8
2011,08,09,27.1,16.3
2011,08,10,26.1,18.0
2011,08,11,22.2,16.2
2011,08,12,26.1,14.9
2011,08,13,28.3,18.4
2011,08,14,27.0,18.8
2011,08,15,22.6,18.6
2011,08,16,27.0,14.2
2011,08,17,25.3,11.1
2011,08,18,28.4,17.6
2011,08,19,27.9,18.2
2011,08,20,29.1,18.4
2011,08,21,22.6,16.6
2011,08,22,21.9,13.7
2011,08,23,22.3,12.4
2011,08,24,26.8,16.5
2011,08,25,24.2,18.2
2011,08,26,21.6,16.4
2011,08,27,25.5,14.6
2011,08,28,20.5,13.1
2011,08,29,22.6,12.6
2011,08,30,24.3,15.2
2011,08,31,23.2,14.4
2011,09,01,25.8,14.1
2011,09,02,26.9,19.7
2011,09,03,29.5,21.1
2011,09,04,27.8,19.2
2011,09,05,21.5,14.6
2011,09,06,20.1,13.5
2011,09,07,17.8,12.7
2011,09,08,23.0,15.4
2011,09,09,25.9,13.5
2011,09,10,20.0,10.6
2011,09,11,21.3,9.3
2011,09,12,25.4,17.1
2011,09,13,26.9,16.4
2011,09,14,19.8,13.1
2011,09,15,15.9,6.9
2011,09,16,13.8,6.3
2011,09,17,17.0,5.8
2011,09,18,19.2,5.9
2011,09,19,19.7,8.5
2011,09,20,21.5,12.2
2011,09,21,22.4,10.8
2011,09,22,22.4,16.9
2011,09,23,23.3,13.7
2011,09,24,25.2,17.9
2011,09,25,23.5,14.4
2011,09,26,25.2,11.1
2011,09,27,25.4,13.2
2011,09,28,23.5,13.1
2011,09,29,20.1,15.3
2011,09,30,20.4,10.4
2011,10,01,10.5,6.6
2011,10,02,10.6,7.5
2011,10,03,12.7,9.7
2011,10,04,14.6,10.8
2011,10,05,15.3,2.9
2011,10,06,13.2,0.8
2011,10,07,18.6,2.9
2011,10,08,24.2,11.9
2011,10,09,24.4,14.1
2011,10,10,23.5,8.9
2011,10,11,17.6,7.5
2011,10,12,18.0,7.6
2011,10,13,17.8,12.4
2011,10,14,20.7,14.1
2011,10,15,14.3,9.3
2011,10,16,13.8,8.6
2011,10,17,11.5,7.0
2011,10,18,13.0,6.9
2011,10,19,14.1,8.2
2011,10,20,14.1,9.3
2011,10,21,12.6,8.5
2011,10,22,10.3,3.9
2011,10,23,10.0,3.2
2011,10,24,15.9,3.9
2011,10,25,10.2,2.8
2011,10,26,9.1,1.7
2011,10,27,4.9,-0.3
2011,10,28,6.9,-2.7
2011,10,29,5.5,-3.9
2011,10,30,9.5,0.2
2011,10,31,11.7,0.3
2011,11,01,11.4,2.6
2011,11,02,15.6,1.6
2011,11,03,13.4,0.0
2011,11,04,6.6,-2.3
2011,11,05,6.9,-2.5
2011,11,06,12.2,-2.0
2011,11,07,14.7,1.8
2011,11,08,14.2,6.2
2011,11,09,15.6,5.5
2011,11,10,12.8,5.2
2011,11,11,7.1,1.2
2011,11,12,8.8,0.8
2011,11,13,12.8,1.9
2011,11,14,18.6,9.7
2011,11,15,11.9,3.8
2011,11,16,13.4,3.7
2011,11,17,5.5,-1.0
2011,11,18,3.8,-1.7
2011,11,19,10.1,0.4
2011,11,20,13.0,-1.9
2011,11,21,0.4,-6.6
2011,11,22,1.0,-8.3
2011,11,23,-0.5,-2.9
2011,11,24,4.8,-4.1
2011,11,25,9.8,3.6
2011,11,26,9.5,2.5
2011,11,27,13.5,2.6
2011,11,28,13.0,1.2
2011,11,29,5.0,1.9
2011,11,30,8.6,-1.1
2011,12,01,-0.7,-5.2
2011,12,02,4.0,-3.0
2011,12,03,1.5,-5.4
2011,12,04,9.1,-1.3
2011,12,05,8.8,5.2
2011,12,06,5.2,0.0
2011,12,07,2.0,-0.7
2011,12,08,2.7,-2.8
2011,12,09,3.4,-0.2
2011,12,10,0.1,-5.3
2011,12,11,1.8,-5.0
2011,12,12,5.5,-1.1
2011,12,13,1.5,-1.1
2011,12,14,3.3,0.6
2011,12,15,10.9,3.2
2011,12,16,9.1,-3.8
2011,12,17,-3.6,-10.2
2011,12,18,-5.8,-12.0
2011,12,19,5.7,-6.1
2011,12,20,-1.6,-8.3
2011,12,21,-0.1,-8.5
2011,12,22,3.8,-0.2
2011,12,23,0.4,-14.2
2011,12,24,-13.0,-16.9
2011,12,25,-6.4,-15.2
2011,12,26,1.2,-10.8
2011,12,27,2.6,-2.5
2011,12,28,2.6,-14.6
2011,12,29,-14.4,-18.5
2011,12,30,-7.8,-17.4
2011,12,31,-1.8,-7.8
2012,01,01,5.8,-1.8
2012,01,02,4.6,-9.7
2012,01,03,-9.7,-17.9
2012,01,04,-7.3,-18.8
2012,01,05,-4.1,-10.2
2012,01,06,-8.4,-12.7
2012,01,07,0.8,-8.5
2012,01,08,-0.6,-9.9
2012,01,09,2.6,-9.9
2012,01,10,2.7,-10.7
2012,01,11,-9.7,-14.8
2012,01,12,-4.1,-9.8
2012,01,13,-1.5,-9.7
2012,01,14,-9.7,-21.8
2012,01,15,-15.1,-24.1
2012,01,16,-7.0,-20.7
2012,01,17,4.9,-10.4
2012,01,18,3.8,-16.9
2012,01,19,-3.4,-18.3
2012,01,20,-3.2,-19.0
2012,01,21,-11.6,-19.2
2012,01,22,-7.9,-20.3
2012,01,23,4.0,-13.4
2012,01,24,5.2,-0.1
2012,01,25,0.0,-7.2
2012,01,26,-2.9,-11.6
2012,01,27,0.9,-5.6
2012,01,28,2.6,-2.1
2012,01,29,1.0,-4.5
2012,01,30,-4.4,-10.7
2012,01,31,-6.5,-10.5
2012,02,01,-3.3,-6.8
2012,02,02,-5.1,-11.0
2012,02,03,-2.9,-13.6
2012,02,04,-3.8,-14.4
2012,02,05,-0.5,-16.5
2012,02,06,3.5,-0.8
2012,02,07,2.0,-13.8
2012,02,08,-1.6,-14.2
2012,02,09,2.8,-5.4
2012,02,10,1.7,-7.4
2012,02,11,-7.4,-15.6
2012,02,12,-9.4,-17.0
2012,02,13,-3.3,-11.9
2012,02,14,2.5,-14.5
2012,02,15,2.3,-1.9
2012,02,16,4.1,0.4
2012,02,17,3.6,0.5
2012,02,18,2.0,-4.6
2012,02,19,-1.3,-7.8
2012,02,20,-1.4,-11.3
2012,02,21,2.8,-7.2
2012,02,22,6.5,0.7
2012,02,23,3.0,-1.9
2012,02,24,1.4,-4.0
2012,02,25,0.8,-9.0
2012,02,26,-6.8,-12.2
2012,02,27,-4.6,-10.0
2012,02,28,-3.9,-10.0
2012,02,29,-2.8,-14.8
2012,03,01,-2.6,-5.7
2012,03,02,1.2,-6.2
2012,03,03,6.5,-0.8
2012,03,04,-0.7,-13.7
2012,03,05,-9.2,-16.3
2012,03,06,-2.5,-15.3
2012,03,07,11.7,-5.7
2012,03,08,12.9,-0.1
2012,03,09,0.0,-5.3
2012,03,10,-1.4,-7.2
2012,03,11,11.2,-3.4
2012,03,12,12.7,1.1
2012,03,13,7.6,0.6
2012,03,14,2.5,-0.7
2012,03,15,4.3,-0.7
2012,03,16,4.6,0.4
2012,03,17,10.6,-0.3
2012,03,18,23.1,2.8
2012,03,19,20.1,6.0
2012,03,20,23.5,3.0
2012,03,21,25.8,8.9
2012,03,22,23.9,9.8
2012,03,23,17.8,6.4
2012,03,24,7.3,2.6
2012,03,25,9.2,2.1
2012,03,26,4.6,-5.2
2012,03,27,3.2,-8.3
2012,03,28,4.6,-1.7
2012,03,29,4.6,-1.0
2012,03,30,5.1,-5.8
2012,03,31,8.8,-1.5
2012,04,01,6.2,-2.3
2012,04,02,8.5,-3.2
2012,04,03,11.4,-3.7
2012,04,04,10.5,1.9
2012,04,05,8.9,1.4
2012,04,06,10.1,-0.7
2012,04,07,8.6,0.0
2012,04,08,12.8,2.9
2012,04,09,9.5,4.6
2012,04,10,9.5,3.9
2012,04,11,11.7,0.6
2012,04,12,12.5,2.5
2012,04,13,16.6,0.8
2012,04,14,16.6,5.4
2012,04,15,20.7,9.6
2012,04,16,28.9,14.4
2012,04,17,19.0,1.8
2012,04,18,11.0,-1.1
2012,04,19,21.1,2.7
2012,04,20,11.2,5.8
2012,04,21,6.6,1.3
2012,04,22,6.6,0.5
2012,04,23,6.8,0.8
2012,04,24,9.6,4.4
2012,04,25,10.3,4.3
2012,04,26,11.6,1.9
2012,04,27,4.9,-0.2
2012,04,28,7.9,-2.1
2012,04,29,9.6,-2.1
2012,04,30,13.4,-1.3
2012,05,01,11.1,7.7
2012,05,02,15.6,8.3
2012,05,03,16.6,10.9
2012,05,04,17.5,7.9
2012,05,05,16.1,5.2
2012,05,06,17.5,6.0
2012,05,07,21.3,3.3
2012,05,08,16.1,10.9
2012,05,09,19.4,11.0
2012,05,10,11.7,8.4
2012,05,11,17.9,6.1
2012,05,12,23.9,7.0
2012,05,13,21.4,11.6
2012,05,14,23.9,7.4
2012,05,15,21.1,13.7
2012,05,16,24.3,9.7
2012,05,17,16.4,5.5
2012,05,18,21.5,7.6
2012,05,19,26.2,11.8
2012,05,20,31.4,14.4
2012,05,21,29.4,17.8
2012,05,22,22.3,12.2
2012,05,23,22.9,11.2
2012,05,24,28.4,12.6
2012,05,25,27.6,18.8
2012,05,26,24.7,14.5
2012,05,27,21.5,13.6
2012,05,28,19.5,11.9
2012,05,29,27.0,10.9
2012,05,30,24.2,15.8
2012,05,31,19.4,11.0
2012,06,01,20.4,9.4
2012,06,02,15.9,12.0
2012,06,03,20.1,11.7
2012,06,04,16.6,10.9
2012,06,05,22.9,10.3
2012,06,06,21.5,10.9
2012,06,07,23.7,11.2
2012,06,08,21.0,11.9
2012,06,09,24.6,9.4
2012,06,10,27.0,11.3
2012,06,11,30.3,17.2
2012,06,12,26.0,17.8
2012,06,13,22.4,13.3
2012,06,14,23.4,12.0
2012,06,15,25.7,12.7
2012,06,16,27.4,13.8
2012,06,17,27.5,16.9
2012,06,18,26.5,17.8
2012,06,19,28.4,17.8
2012,06,20,32.7,22.8
2012,06,21,33.3,23.8
2012,06,22,29.4,19.1
2012,06,23,27.1,16.9
2012,06,24,28.1,12.8
2012,06,25,21.0,14.9
2012,06,26,17.8,15.2
2012,06,27,21.2,15.0
2012,06,28,27.5,17.3
2012,06,29,31.4,18.6
2012,06,30,30.6,20.4
2012,07,01,26.3,17.1
2012,07,02,29.1,15.8
2012,07,03,28.1,13.8
2012,07,04,29.1,17.1
2012,07,05,25.9,15.6
2012,07,06,30.6,17.2
2012,07,07,30.1,20.9
2012,07,08,25.5,14.4
2012,07,09,24.8,11.6
2012,07,10,27.5,14.2
2012,07,11,28.3,11.8
2012,07,12,30.9,16.9
2012,07,13,32.4,20.6
2012,07,14,33.3,22.8
2012,07,15,30.6,20.9
2012,07,16,29.5,20.2
2012,07,17,29.4,19.2
2012,07,18,24.9,13.1
2012,07,19,23.7,10.9
2012,07,20,25.2,13.3
2012,07,21,27.2,12.8
2012,07,22,30.5,21.7
2012,07,23,31.1,18.0
2012,07,24,25.0,15.1
2012,07,25,25.1,13.7
2012,07,26,22.1,17.0
2012,07,27,26.9,15.5
2012,07,28,27.1,17.2
2012,07,29,28.4,16.1
2012,07,30,29.9,17.9
2012,07,31,30.4,19.4
2012,08,01,28.2,20.4
2012,08,02,30.9,20.7
2012,08,03,29.5,20.7
2012,08,04,33.0,19.7
2012,08,05,31.1,20.6
2012,08,06,23.5,16.2
2012,08,07,28.7,15.9
2012,08,08,28.7,15.8
2012,08,09,24.5,19.3
2012,08,10,21.7,17.5
2012,08,11,27.8,17.2
2012,08,12,27.0,19.4
2012,08,13,26.2,19.2
2012,08,14,25.8,18.8
2012,08,15,26.4,18.1
2012,08,16,26.6,16.0
2012,08,17,25.2,17.1
2012,08,18,22.3,14.4
2012,08,19,25.2,12.7
2012,08,20,25.5,13.8
2012,08,21,24.7,12.4
2012,08,22,26.2,17.3
2012,08,23,27.4,18.5
2012,08,24,28.3,16.2
2012,08,25,31.9,19.6
2012,08,26,31.0,20.4
2012,08,27,27.6,21.2
2012,08,28,25.7,10.6
2012,08,29,25.0,9.3
2012,08,30,28.9,14.3
2012,08,31,25.8,18.7
2012,09,01,24.9,13.1
2012,09,02,26.4,10.9
2012,09,03,28.4,12.8
2012,09,04,26.4,20.0
2012,09,05,27.6,17.1
2012,09,06,28.7,17.1
2012,09,07,26.1,15.0
2012,09,08,26.8,13.9
2012,09,09,18.6,10.5
2012,09,10,18.5,8.2
2012,09,11,21.9,6.4
2012,09,12,27.5,12.5
2012,09,13,28.6,14.7
2012,09,14,27.4,15.0
2012,09,15,18.1,5.0
2012,09,16,17.2,4.3
2012,09,17,25.5,9.3
2012,09,18,20.6,10.9
2012,09,19,14.9,6.7
2012,09,20,19.5,7.3
2012,09,21,19.7,12.8
2012,09,22,18.8,12.8
2012,09,23,16.2,5.7
2012,09,24,16.8,4.6
2012,09,25,19.4,10.8
2012,09,26,20.6,8.3
2012,09,27,15.4,5.1
2012,09,28,17.8,4.1
2012,09,29,13.1,9.8
2012,09,30,12.3,10.2
2012,10,01,15.6,11.1
2012,10,02,19.1,10.3
2012,10,03,19.4,10.6
2012,10,04,16.6,11.2
2012,10,05,21.0,13.4
2012,10,06,16.1,8.2
2012,10,07,11.1,5.0
2012,10,08,12.4,1.1
2012,10,09,15.7,4.1
2012,10,10,13.8,6.6
2012,10,11,10.6,4.8
2012,10,12,8.2,-1.0
2012,10,13,10.5,-3.0
2012,10,14,10.7,4.4
2012,10,15,18.2,8.4
2012,10,16,9.1,1.5
2012,10,17,13.1,0.5
2012,10,18,19.3,8.8
2012,10,19,13.9,11.2
2012,10,20,18.9,9.1
2012,10,21,13.5,7.7
2012,10,22,15.1,4.8
2012,10,23,13.2,4.1
2012,10,24,12.9,1.5
2012,10,25,14.2,4.0
2012,10,26,21.5,6.6
2012,10,27,14.8,10.2
2012,10,28,13.1,9.2
2012,10,29,17.1,9.2
2012,10,30,21.3,13.5
2012,10,31,15.1,6.9
2012,11,01,8.6,5.1
2012,11,02,6.0,3.4
2012,11,03,5.6,3.2
2012,11,04,4.1,1.1
2012,11,05,2.8,-4.1
2012,11,06,2.9,-5.7
2012,11,07,3.0,-4.7
2012,11,08,5.8,-4.5
2012,11,09,5.2,-5.9
2012,11,10,5.8,-1.6
2012,11,11,7.1,0.1
2012,11,12,18.8,-0.7
2012,11,13,9.1,-2.0
2012,11,14,6.1,-5.8
2012,11,15,3.2,-5.5
2012,11,16,5.9,-6.8
2012,11,17,3.3,-3.9
2012,11,18,4.7,-7.0
2012,11,19,6.6,-5.0
2012,11,20,6.0,-4.6
2012,11,21,8.7,-3.1
2012,11,22,12.4,-2.4
2012,11,23,12.3,1.0
2012,11,24,5.4,-3.0
2012,11,25,-1.4,-6.8
2012,11,26,-0.1,-9.0
2012,11,27,1.1,-9.4
2012,11,28,2.0,-6.5
2012,11,29,-0.6,-12.0
2012,11,30,-8.2,-14.2
2012,12,01,-4.1,-12.6
2012,12,02,8.4,-4.2
2012,12,03,7.9,0.8
2012,12,04,12.8,2.4
2012,12,05,9.0,-2.9
2012,12,06,-0.8,-6.5
2012,12,07,4.1,-3.3
2012,12,08,4.0,0.8
2012,12,09,2.0,-5.0
2012,12,10,2.7,-5.0
2012,12,11,0.0,-9.7
2012,12,12,-2.2,-11.4
2012,12,13,2.2,-6.7
2012,12,14,3.5,-6.5
2012,12,15,-6.4,-10.9
2012,12,16,-2.2,-10.2
2012,12,17,2.5,-3.2
2012,12,18,1.5,0.1
2012,12,19,1.7,0.1
2012,12,20,1.9,-1.9
2012,12,21,2.6,0.4
2012,12,22,1.4,-7.9
2012,12,23,-6.7,-9.5
2012,12,24,-7.2,-11.4
2012,12,25,-7.1,-12.2
2012,12,26,-9.4,-14.3
2012,12,27,-3.3,-9.4
2012,12,28,-4.2,-12.0
2012,12,29,-8.4,-16.0
2012,12,30,-9.0,-14.1
2012,12,31,0.8,-11.8
2013,01,01,-2.0,-16.6
2013,01,02,-14.0,-23.2
2013,01,03,-13.1,-23.1
2013,01,04,0.4,-15.3
2013,01,05,0.6,-13.4
2013,01,06,-7.0,-10.7
2013,01,07,-6.1,-13.8
2013,01,08,1.8,-10.8
2013,01,09,5.6,-6.4
2013,01,10,3.0,-2.8
2013,01,11,3.0,-2.9
2013,01,12,5.3,1.6
2013,01,13,5.5,1.9
2013,01,14,6.2,-0.4
2013,01,15,-0.3,-3.3
2013,01,16,1.8,-3.5
2013,01,17,1.8,-18.9
2013,01,18,-7.2,-21.5
2013,01,19,1.1,-7.6
2013,01,20,6.4,-15.9
2013,01,21,-15.6,-19.6
2013,01,22,-15.5,-23.1
2013,01,23,-22.6,-27.3
2013,01,24,-17.2,-24.2
2013,01,25,-14.9,-20.8
2013,01,26,-11.2,-21.3
2013,01,27,-11.0,-18.3
2013,01,28,-6.2,-14.0
2013,01,29,1.9,-11.2
2013,01,30,7.8,1.6
2013,01,31,9.5,-12.2
2013,02,01,-11.8,-15.5
2013,02,02,-11.6,-17.0
2013,02,03,-8.6,-15.9
2013,02,04,-8.2,-17.8
2013,02,05,-9.1,-19.8
2013,02,06,-6.1,-16.2
2013,02,07,-15.5,-21.0
2013,02,08,-11.0,-17.3
2013,02,09,-6.9,-17.6
2013,02,10,-5.6,-19.3
2013,02,11,3.5,-10.8
2013,02,12,2.4,-0.8
2013,02,13,0.8,-2.1
2013,02,14,1.7,-1.6
2013,02,15,3.2,-3.5
2013,02,16,-3.5,-11.6
2013,02,17,-7.9,-14.8
2013,02,18,-8.1,-16.1
2013,02,19,-0.1,-11.5
2013,02,20,-1.0,-11.4
2013,02,21,-5.9,-13.4
2013,02,22,-0.2,-7.7
2013,02,23,1.3,-3.3
2013,02,24,1.1,0.1
2013,02,25,1.6,-1.3
2013,02,26,3.3,-1.3
2013,02,27,2.6,0.2
2013,02,28,1.5,-0.4
2013,03,01,1.3,-1.2
2013,03,02,0.5,-4.6
2013,03,03,-1.4,-5.2
2013,03,04,-3.7,-7.3
2013,03,05,1.7,-4.6
2013,03,06,3.0,0.0
2013,03,07,0.2,-1.1
2013,03,08,3.7,-4.2
2013,03,09,4.9,-6.8
2013,03,10,8.7,-2.8
2013,03,11,7.8,1.9
2013,03,12,7.6,1.9
2013,03,13,4.3,-0.2
2013,03,14,-0.1,-8.9
2013,03,15,-2.0,-9.5
2013,03,16,-5.3,-10.7
2013,03,17,-4.3,-11.2
2013,03,18,-1.7,-12.9
2013,03,19,-0.3,-4.5
2013,03,20,0.7,-6.0
2013,03,21,1.0,-5.6
2013,03,22,-0.6,-6.7
2013,03,23,3.7,-4.6
2013,03,24,3.4,-1.8
2013,03,25,6.0,-4.2
2013,03,26,6.9,-1.6
2013,03,27,7.5,-1.5
2013,03,28,8.8,1.2
2013,03,29,7.9,0.3
2013,03,30,8.9,-2.7
2013,03,31,11.9,0.2
2013,04,01,6.7,-5.4
2013,04,02,-1.0,-6.7
2013,04,03,2.2,-4.7
2013,04,04,9.1,-4.2
2013,04,05,5.8,-3.7
2013,04,06,2.2,-6.3
2013,04,07,13.0,0.7
2013,04,08,8.8,2.6
2013,04,09,8.7,1.7
2013,04,10,9.6,1.1
2013,04,11,3.8,-1.6
2013,04,12,2.2,-1.5
2013,04,13,5.7,1.9
2013,04,14,8.7,1.2
2013,04,15,13.4,-1.4
2013,04,16,13.7,5.8
2013,04,17,13.4,3.3
2013,04,18,16.4,3.7
2013,04,19,21.5,6.4
2013,04,20,9.1,-0.4
2013,04,21,6.4,-2.4
2013,04,22,14.0,-0.5
2013,04,23,14.6,3.0
2013,04,24,21.5,5.4
2013,04,25,11.0,3.2
2013,04,26,11.1,2.2
2013,04,27,15.7,2.2
2013,04,28,21.2,3.8
2013,04,29,20.6,9.2
2013,04,30,22.1,11.6
2013,05,01,26.1,9.7
2013,05,02,24.8,10.8
2013,05,03,22.6,8.0
2013,05,04,24.5,9.3
2013,05,05,26.6,10.5
2013,05,06,27.0,12.4
2013,05,07,27.9,12.3
2013,05,08,28.7,11.8
2013,05,09,24.5,16.4
2013,05,10,20.3,10.8
2013,05,11,19.0,10.1
2013,05,12,13.4,3.5
2013,05,13,10.6,1.2
2013,05,14,14.4,0.4
2013,05,15,16.9,4.6
2013,05,16,17.5,9.2
2013,05,17,20.4,6.6
2013,05,18,21.9,6.7
2013,05,19,20.3,8.5
2013,05,20,22.6,13.5
2013,05,21,19.3,13.4
2013,05,22,23.4,12.7
2013,05,23,22.4,9.8
2013,05,24,10.9,7.4
2013,05,25,9.4,6.7
2013,05,26,12.7,4.2
2013,05,27,20.5,3.9
2013,05,28,22.9,7.2
2013,05,29,20.8,14.3
2013,05,30,27.8,15.5
2013,05,31,31.6,19.1
2013,06,01,29.7,19.9
2013,06,02,26.1,18.9
2013,06,03,18.8,11.5
2013,06,04,18.3,8.8
2013,06,05,19.2,6.8
2013,06,06,15.9,10.1
2013,06,07,14.9,11.7
2013,06,08,16.3,11.5
2013,06,09,25.1,14.8
2013,06,10,25.3,13.5
2013,06,11,16.1,12.8
2013,06,12,21.9,12.2
2013,06,13,23.2,10.1
2013,06,14,26.2,12.6
2013,06,15,24.4,10.0
2013,06,16,18.5,13.4
2013,06,17,20.9,9.5
2013,06,18,21.1,9.0
2013,06,19,20.3,8.9
2013,06,20,23.3,10.8
2013,06,21,26.9,14.9
2013,06,22,19.9,18.2
2013,06,23,24.9,18.4
2013,06,24,30.0,19.9
2013,06,25,28.9,21.1
2013,06,26,24.7,15.5
2013,06,27,25.0,14.7
2013,06,28,15.8,13.7
2013,06,29,22.0,15.5
2013,06,30,24.6,16.0
2013,07,01,23.7,15.8
2013,07,02,20.9,16.1
2013,07,03,26.1,17.1
2013,07,04,29.6,19.2
2013,07,05,30.0,21.4
2013,07,06,30.0,22.1
2013,07,07,26.2,18.7
2013,07,08,26.0,17.1
2013,07,09,29.2,19.0
2013,07,10,28.5,21.6
2013,07,11,26.6,16.1
2013,07,12,25.7,14.3
2013,07,13,29.5,14.6
2013,07,14,31.1,20.5
2013,07,15,33.1,22.2
2013,07,16,31.5,20.9
2013,07,17,32.8,21.4
2013,07,18,30.2,21.0
2013,07,19,33.2,21.3
2013,07,20,28.3,16.9
2013,07,21,21.8,14.1
2013,07,22,25.3,12.6
2013,07,23,27.5,18.5
2013,07,24,21.7,10.4
2013,07,25,22.5,9.1
2013,07,26,24.6,12.6
2013,07,27,26.6,14.1
2013,07,28,26.7,18.4
2013,07,29,23.5,16.4
2013,07,30,24.2,14.1
2013,07,31,26.6,16.0
2013,08,01,26.7,18.1
2013,08,02,25.6,17.8
2013,08,03,23.1,15.9
2013,08,04,22.4,12.9
2013,08,05,22.7,11.0
2013,08,06,25.4,13.7
2013,08,07,27.2,16.3
2013,08,08,28.0,20.1
2013,08,09,26.2,19.4
2013,08,10,22.3,15.0
2013,08,11,25.0,13.4
2013,08,12,26.3,15.7
2013,08,13,24.4,16.0
2013,08,14,20.6,14.0
2013,08,15,23.7,13.0
2013,08,16,23.5,14.6
2013,08,17,23.6,11.6
2013,08,18,27.0,13.9
2013,08,19,27.8,16.9
2013,08,20,28.5,18.3
2013,08,21,29.4,19.4
2013,08,22,23.7,16.7
2013,08,23,23.2,13.5
2013,08,24,23.8,10.3
2013,08,25,25.2,13.4
2013,08,26,24.3,17.1
2013,08,27,26.0,18.8
2013,08,28,29.7,18.1
2013,08,29,24.4,16.1
2013,08,30,26.3,15.2
2013,08,31,24.0,19.0
2013,09,01,26.9,17.8
2013,09,02,22.5,15.6
2013,09,03,22.3,15.9
2013,09,04,19.0,11.1
2013,09,05,17.4,8.9
2013,09,06,20.1,6.2
2013,09,07,21.9,15.5
2013,09,08,17.7,8.2
2013,09,09,20.0,7.8
2013,09,10,19.4,14.5
2013,09,11,30.8,15.6
2013,09,12,23.7,17.5
2013,09,13,17.5,11.5
2013,09,14,15.0,9.2
2013,09,15,18.9,9.2
2013,09,16,13.5,5.3
2013,09,17,17.3,4.3
2013,09,18,20.3,7.8
2013,09,19,23.0,8.8
2013,09,20,25.7,12.7
2013,09,21,21.1,15.4
2013,09,22,14.7,6.8
2013,09,23,13.0,5.5
2013,09,24,18.8,7.2
2013,09,25,18.0,5.9
2013,09,26,17.9,5.9
2013,09,27,19.8,9.3
2013,09,28,22.3,8.1
2013,09,29,23.0,10.3
2013,09,30,23.3,10.0
2013,10,01,23.2,11.4
2013,10,02,24.6,12.3
2013,10,03,20.9,9.3
2013,10,04,17.4,12.6
2013,10,05,17.3,11.3
2013,10,06,15.0,7.7
2013,10,07,23.9,8.8
2013,10,08,14.3,6.4
2013,10,09,17.5,4.0
2013,10,10,19.3,5.6
2013,10,11,21.6,6.0
2013,10,12,22.1,8.6
2013,10,13,20.1,8.3
2013,10,14,17.7,9.9
2013,10,15,16.2,11.2
2013,10,16,18.3,13.5
2013,10,17,17.4,11.8
2013,10,18,15.3,8.9
2013,10,19,15.8,5.6
2013,10,20,12.7,1.9
2013,10,21,15.1,1.6
2013,10,22,13.6,5.6
2013,10,23,9.1,1.1
2013,10,24,6.0,-0.6
2013,10,25,7.6,-1.1
2013,10,26,6.6,2.7
2013,10,27,7.7,2.2
2013,10,28,6.6,-3.4
2013,10,29,3.5,-4.9
2013,10,30,6.8,-3.0
2013,10,31,13.4,1.0
2013,11,01,18.5,8.1
2013,11,02,8.1,-1.2
2013,11,03,4.7,-3.6
2013,11,04,3.3,-6.2
2013,11,05,8.8,0.0
2013,11,06,13.4,3.3
2013,11,07,13.9,1.8
2013,11,08,4.2,1.3
2013,11,09,3.8,-0.4
2013,11,10,5.3,2.3
2013,11,11,3.8,-3.7
2013,11,12,-0.1,-5.5
2013,11,13,-7.5,2.2
2013,11,14,6.8,1.3
2013,11,15,10.2,3.0
2013,11,16,12.1,2.0
2013,11,17,13.2,3.4
2013,11,18,14.7,1.2
2013,11,19,1.4,-3.9
2013,11,20,1.0,-6.0
2013,11,21,3.4,-6.2
2013,11,22,4.8,0.7
2013,11,23,0.7,-6.7
2013,11,24,-5.6,-11.7
2013,11,25,0.9,-13.3
2013,11,26,2.5,0.0
2013,11,27,1.2,-4.9
2013,11,28,-4.9,-9.6
2013,11,29,-5.5,-13.5
2013,11,30,-4.6,-15.2
2013,12,01,-1.4,-7.1
2013,12,02,0.1,-2.5
2013,12,03,0.6,-1.3
2013,12,04,1.6,-5.6
2013,12,05,9.6,-1.1
2013,12,06,3.2,-1.9
2013,12,07,-1.7,-7.0
2013,12,08,-3.0,-10.1
2013,12,09,3.0,-5.2
2013,12,10,0.9,-9.2
2013,12,11,-5.3,-14.3
2013,12,12,-7.5,-20.2
2013,12,13,-8.7,-20.1
2013,12,14,-15.6,-21.8
2013,12,15,-11.3,-16.1
2013,12,16,-13.2,-23.2
2013,12,17,-14.6,-25.3
2013,12,18,-7.8,-14.9
2013,12,19,0.4,-8.5
2013,12,20,-0.1,-8.6
2013,12,21,-6.5,-8.3
2013,12,22,-7.2,-9.2
2013,12,23,-5.7,-9.3
2013,12,24,-9.4,-17.2
2013,12,25,-14.1,-21.1
2013,12,26,-8.9,-15.9
2013,12,27,-4.2,-11.0
2013,12,28,1.9,-5.3
2013,12,29,1.3,-10.8
2013,12,30,-7.9,-18.5
2013,12,31,-15.1,-20.9
2014,01,01,-16.5,-24.6
2014,01,02,-22.6,-27.3
2014,01,03,-19.2,-24.3
2014,01,04,-8.6,-23.3
2014,01,05,0.3,-12.6
2014,01,06,7.1,-11.1
2014,01,07,-11.1,-16.6
2014,01,08,-8.7,-14.7
2014,01,09,-7.8,-12.3
2014,01,10,-4.5,-14.2
2014,01,11,7.3,-6.4
2014,01,12,4.5,0.3
2014,01,13,5.1,-0.9
2014,01,14,4.2,-1.3
2014,01,15,1.9,-4.1
2014,01,16,-0.5,-5.1
2014,01,17,0.6,-5.2
2014,01,18,2.4,-7.0
2014,01,19,-2.2,-6.4
2014,01,20,-6.4,-20.7
2014,01,21,-19.1,-23.8
2014,01,22,-17.6,-25.4
2014,01,23,-17.5,-23.2
2014,01,24,-9.7,-23.8
2014,01,25,-5.3,-15.5
2014,01,26,-13.8,-21.5
2014,01,27,-6.4,-17.9
2014,01,28,-10.8,-19.9
2014,01,29,-9.6,-14.2
2014,01,30,-4.4,-12.7
2014,01,31,1.3,-7.1
2014,02,01,-1.3,-10.9
2014,02,02,-1.1,-7.9
2014,02,03,-6.9,-15.3
2014,02,04,-6.1,-16.8
2014,02,05,-7.9,-15.6
2014,02,06,-9.3,-20.0
2014,02,07,-7.6,-12.9
2014,02,08,-5.7,-12.3
2014,02,09,-7.1,-12.5
2014,02,10,-6.8,-16.1
2014,02,11,-11.1,-19.6
2014,02,12,-9.8,-23.1
2014,02,13,-6.1,-18.4
2014,02,14,-2.2,-6.1
2014,02,15,-5.6,-11.8
2014,02,16,-9.5,-15.8
2014,02,17,-9.9,-17.4
2014,02,18,-3.4,-15.6
2014,02,19,1.5,-5.4
2014,02,20,2.8,-4.9
2014,02,21,4.2,-0.6
2014,02,22,6.1,-1.8
2014,02,23,1.7,-4.3
2014,02,24,-4.3,-10.6
2014,02,25,-9.0,-12.9
2014,02,26,-9.7,-14.8
2014,02,27,-6.9,-14.8
2014,02,28,-12.1,-18.2
2014,03,01,-3.4,-14.2
2014,03,02,-5.5,-16.6
2014,03,03,-13.0,-18.1
2014,03,04,-11.0,-18.5
2014,03,05,-9.0,-17.6
2014,03,06,-6.9,-19.4
2014,03,07,0.2,-17.8
2014,03,08,3.3,-6.2
2014,03,09,-3.8,-12.6
2014,03,10,0.7,-5.4
2014,03,11,5.2,0.2
2014,03,12,1.7,-11.9
2014,03,13,-6.7,-15.6
2014,03,14,2.1,-16.7
2014,03,15,4.6,-8.4
2014,03,16,-8.4,-14.1
2014,03,17,-6.8,-16.8
2014,03,18,-2.1,-13.8
2014,03,19,3.2,-9.0
2014,03,20,2.9,-0.3
2014,03,21,2.5,-3.0
2014,03,22,0.6,-3.8
2014,03,23,0.0,-13.6
2014,03,24,-4.7,-16.5
2014,03,25,-0.6,-11.7
2014,03,26,-2.4,-10.4
2014,03,27,-1.6,-13.1
2014,03,28,4.1,-2.7
2014,03,29,3.2,0.5
2014,03,30,0.5,-1.4
2014,03,31,6.2,-1.8
2014,04,01,5.0,-3.5
2014,04,02,5.0,1.2
2014,04,03,2.9,-2.2
2014,04,04,7.0,-3.4
2014,04,05,4.7,0.4
2014,04,06,7.1,-1.2
2014,04,07,13.0,-0.1
2014,04,08,5.2,2.6
2014,04,09,4.8,-0.9
2014,04,10,16.2,-1.6
2014,04,11,11.8,2.9
2014,04,12,14.3,1.5
2014,04,13,11.7,2.6
2014,04,14,24.5,2.2
2014,04,15,16.2,-5.1
2014,04,16,0.6,-7.3
2014,04,17,7.7,-2.9
2014,04,18,10.8,1.7
2014,04,19,10.6,0.9
2014,04,20,14.1,-2.6
2014,04,21,19.2,7.4
2014,04,22,12.7,7.0
2014,04,23,11.8,3.6
2014,04,24,13.2,1.4
2014,04,25,11.9,-0.3
2014,04,26,8.4,2.8
2014,04,27,10.4,2.3
2014,04,28,12.3,1.8
2014,04,29,16.5,5.7
2014,04,30,10.6,5.1
2014,05,01,16.1,6.1
2014,05,02,13.0,8.1
2014,05,03,16.3,7.9
2014,05,04,12.0,7.3
2014,05,05,13.4,6.3
2014,05,06,15.0,4.2
2014,05,07,15.8,3.2
2014,05,08,16.8,5.2
2014,05,09,20.8,8.8
2014,05,10,23.8,11.9
2014,05,11,21.9,11.4
2014,05,12,22.4,9.1
2014,05,13,18.4,8.3
2014,05,14,24.9,13.6
2014,05,15,28.2,17.5
2014,05,16,22.2,10.3
2014,05,17,15.4,8.3
2014,05,18,16.6,6.3
2014,05,19,20.2,9.2
2014,05,20,22.8,8.7
2014,05,21,23.8,10.4
2014,05,22,19.0,12.9
2014,05,23,20.8,10.8
2014,05,24,21.4,11.4
2014,05,25,25.2,9.4
2014,05,26,22.8,16.3
2014,05,27,16.9,8.6
2014,05,28,16.1,8.1
2014,05,29,20.5,6.1
2014,05,30,22.6,12.0
2014,05,31,20.2,9.1
2014,06,01,25.2,9.7
2014,06,02,30.4,15.7
2014,06,03,28.1,19.1
2014,06,04,21.3,14.0
2014,06,05,17.0,13.4
2014,06,06,23.0,12.9
2014,06,07,27.5,13.3
2014,06,08,28.0,14.6
2014,06,09,27.9,19.2
2014,06,10,24.6,15.8
2014,06,11,24.1,13.1
2014,06,12,17.9,12.9
2014,06,13,19.9,16.8
2014,06,14,19.8,14.6
2014,06,15,23.6,13.6
2014,06,16,24.8,11.4
2014,06,17,27.2,14.0
2014,06,18,25.7,16.6
2014,06,19,24.6,14.6
2014,06,20,21.7,12.1
2014,06,21,22.1,10.4
2014,06,22,23.8,11.5
2014,06,23,26.8,13.4
2014,06,24,21.9,19.2
2014,06,25,24.0,18.2
2014,06,26,26.3,17.0
2014,06,27,28.4,15.0
2014,06,28,29.2,16.3
2014,06,29,30.7,19.1
2014,06,30,29.7,22.8
2014,07,01,33.2,21.6
2014,07,02,29.8,21.2
2014,07,03,24.4,18.9
2014,07,04,23.4,16.0
2014,07,05,27.7,14.5
2014,07,06,27.7,18.7
2014,07,07,23.4,19.5
2014,07,08,30.6,19.0
2014,07,09,23.5,17.7
2014,07,10,23.1,14.3
2014,07,11,25.4,13.4
2014,07,12,27.4,16.0
2014,07,13,23.9,19.6
2014,07,14,24.1,17.6
2014,07,15,21.9,17.6
2014,07,16,24.8,16.6
2014,07,17,23.4,14.0
2014,07,18,26.2,14.0
2014,07,19,27.5,16.5
2014,07,20,28.0,18.9
2014,07,21,29.4,20.8
2014,07,22,29.7,20.5
2014,07,23,26.4,17.7
2014,07,24,22.9,13.8
2014,07,25,25.8,14.7
2014,07,26,26.0,15.9
2014,07,27,25.0,18.0
2014,07,28,18.5,14.2
2014,07,29,21.3,12.0
2014,07,30,24.0,13.8
2014,07,31,21.8,14.3
2014,08,01,26.1,14.8
2014,08,02,27.8,16.1
2014,08,03,28.0,16.6
2014,08,04,27.7,18.3
2014,08,05,25.4,17.7
2014,08,06,25.6,14.9
2014,08,07,23.1,15.9
2014,08,08,27.0,14.0
2014,08,09,28.7,15.4
2014,08,10,28.6,16.6
2014,08,11,29.7,17.8
2014,08,12,27.9,19.1
2014,08,13,21.1,16.0
2014,08,14,17.6,12.0
2014,08,15,17.5,12.2
2014,08,16,18.5,14.6
2014,08,17,22.8,14.6
2014,08,18,22.2,11.7
2014,08,19,23.5,10.6
2014,08,20,27.3,12.8
2014,08,21,23.1,17.9
2014,08,22,23.8,17.3
2014,08,23,26.0,14.7
2014,08,24,27.7,14.5
2014,08,25,28.9,17.6
2014,08,26,28.6,17.0
2014,08,27,25.6,18.4
2014,08,28,21.9,14.2
2014,08,29,22.6,11.4
2014,08,30,27.3,16.7
2014,08,31,25.3,19.8
2014,09,01,25.9,18.7
2014,09,02,28.6,18.3
2014,09,03,25.5,18.0
2014,09,04,27.7,16.3
2014,09,05,30.8,20.1
2014,09,06,23.2,10.6
2014,09,07,22.1,10.6
2014,09,08,24.7,11.4
2014,09,09,23.1,14.3
2014,09,10,24.8,14.6
2014,09,11,25.1,10.1
2014,09,12,14.1,6.1
2014,09,13,12.6,5.9
2014,09,14,10.9,4.6
2014,09,15,18.3,4.8
2014,09,16,18.6,9.3
2014,09,17,17.2,8.0
2014,09,18,12.4,3.4
2014,09,19,13.0,1.2
2014,09,20,19.8,9.2
2014,09,21,23.2,14.0
2014,09,22,14.0,6.9
2014,09,23,17.2,7.3
2014,09,24,21.8,6.7
2014,09,25,22.8,10.8
2014,09,26,25.5,11.9
2014,09,27,25.5,12.8
2014,09,28,24.8,14.8
2014,09,29,18.0,8.7
2014,09,30,17.3,9.3
2014,10,01,16.6,10.4
2014,10,02,20.3,8.7
2014,10,03,23.1,8.8
2014,10,04,16.6,9.8
2014,10,05,13.7,7.9
2014,10,06,16.3,8.0
2014,10,07,18.2,11.9
2014,10,08,17.5,8.7
2014,10,09,12.5,5.2
2014,10,10,11.8,4.6
2014,10,11,13.1,2.6
2014,10,12,13.2,2.6
2014,10,13,17.8,2.2
2014,10,14,24.8,13.7
2014,10,15,23.6,18.2
2014,10,16,21.7,14.6
2014,10,17,18.4,14.3
2014,10,18,16.9,5.9
2014,10,19,7.5,3.0
2014,10,20,6.8,1.8
2014,10,21,7.4,5.6
2014,10,22,12.6,6.0
2014,10,23,8.6,6.9
2014,10,24,11.5,4.9
2014,10,25,13.1,5.2
2014,10,26,10.9,7.2
2014,10,27,11.2,5.7
2014,10,28,13.7,7.0
2014,10,29,14.2,8.5
2014,10,30,10.0,2.8
2014,10,31,7.2,1.5
2014,11,01,6.9,1.9
2014,11,02,7.6,-0.3
2014,11,03,6.3,-1.0
2014,11,04,11.7,4.3
2014,11,05,12.2,5.7
2014,11,06,8.3,2.6
2014,11,07,4.8,-0.2
2014,11,08,4.4,-1.4
2014,11,09,6.5,2.7
2014,11,10,7.1,3.5
2014,11,11,12.5,0.2
2014,11,12,8.4,1.6
2014,11,13,4.7,-0.8
2014,11,14,2.1,-4.0
2014,11,15,1.6,-4.9
2014,11,16,3.3,-0.6
2014,11,17,1.5,-0.6
2014,11,18,1.5,-4.7
2014,11,19,-2.0,-7.7
2014,11,20,-0.1,-5.1
2014,11,21,-4.6,-8.2
2014,11,22,3.0,-7.9
2014,11,23,7.9,2.8
2014,11,24,18.0,6.8
2014,11,25,7.8,2.0
2014,11,26,2.5,-0.9
2014,11,27,-0.1,-3.8
2014,11,28,-2.8,-8.2
2014,11,29,-0.8,-8.3
2014,11,30,6.8,-0.9
2014,12,01,6.2,-8.7
2014,12,02,-3.2,-14.9
2014,12,03,3.3,-3.2
2014,12,04,0.1,-11.3
2014,12,05,-4.6,-13.1
2014,12,06,-1.1,-6.0
2014,12,07,-4.9,-12.9
2014,12,08,-2.3,-13.9
2014,12,09,0.2,-4.8
2014,12,10,0.2,-0.8
2014,12,11,0.4,-3.2
2014,12,12,-1.7,-4.2
2014,12,13,-1.6,-5.9
2014,12,14,-0.9,-4.8
2014,12,15,-0.1,-1.9
2014,12,16,0.6,-1.4
2014,12,17,0.6,-0.2
2014,12,18,0.4,-2.4
2014,12,19,-2.4,-11.5
2014,12,20,-7.7,-15.6
2014,12,21,-7.2,-10.3
2014,12,22,-5.5,-8.6
2014,12,23,3.1,-5.8
2014,12,24,6.2,2.3
2014,12,25,7.8,3.5
2014,12,26,4.5,1.4
2014,12,27,7.4,0.9
2014,12,28,8.3,-3.3
2014,12,29,-0.7,-11.1
2014,12,30,-10.6,-14.5
2014,12,31,-6.3,-14.9
2015,01,01,-3.0,-7.6
2015,01,02,-3.4,-14.2
2015,01,03,-8.5,-17.7
2015,01,04,3.0,-8.6
2015,01,05,-5.3,-17.9
2015,01,06,-8.6,-19.1
2015,01,07,-9.0,-26.4
2015,01,08,-7.4,-27.5
2015,01,09,-6.1,-14.6
2015,01,10,-9.0,-13.4
2015,01,11,-4.2,-12.2
2015,01,12,-1.9,-16.9
2015,01,13,-17.0,-23.1
2015,01,14,-14.4,-23.3
2015,01,15,-4.7,-20.8
2015,01,16,-2.4,-20.2
2015,01,17,-14.9,-23.9
2015,01,18,2.7,-15.2
2015,01,19,1.4,-13.6
2015,01,20,-13.7,-18.3
2015,01,21,-10.6,-20.8
2015,01,22,-9.3,-18.1
2015,01,23,-0.2,-12.3
2015,01,24,-0.7,-2.9
2015,01,25,-1.6,-17.8
2015,01,26,-14.5,-21.6
2015,01,27,-9.6,-16.2
2015,01,28,-8.6,-15.2
2015,01,29,-0.2,-16.2
2015,01,30,-2.1,-18.6
2015,01,31,-14.7,-22.8
2015,02,01,-14.2,-20.2
2015,02,02,-17.3,-22.5
2015,02,03,-8.5,-24.4
2015,02,04,-3.7,-9.5
2015,02,05,-7.1,-22.2
2015,02,06,-9.9,-24.3
2015,02,07,-12.5,-17.8
2015,02,08,-13.9,-18.5
2015,02,09,-11.7,-15.6
2015,02,10,-7.1,-14.8
2015,02,11,-11.1,-17.4
2015,02,12,-7.4,-18.1
2015,02,13,-18.0,-23.7
2015,02,14,-13.9,-20.8
2015,02,15,-13.9,-21.9
2015,02,16,-16.3,-24.1
2015,02,17,-13.0,-24.2
2015,02,18,-7.0,-21.6
2015,02,19,-8.0,-18.5
2015,02,20,-14.6,-19.6
2015,02,21,-7.6,-17.5
2015,02,22,-3.6,-11.6
2015,02,23,-11.1,-24.6
2015,02,24,-8.7,-25.4
2015,02,25,-4.6,-17.6
2015,02,26,-12.7,-21.5
2015,02,27,-9.5,-21.8
2015,02,28,-5.5,-17.0
2015,03,01,-3.4,-17.3
2015,03,02,-2.4,-11.9
2015,03,03,-3.7,-19.1
2015,03,04,1.9,-5.8
2015,03,05,-5.8,-18.6
2015,03,06,-6.9,-20.6
2015,03,07,-2.3,-13.3
2015,03,08,-0.3,-6.4
2015,03,09,2.5,-3.5
2015,03,10,7.8,-4.1
2015,03,11,7.8,-0.3
2015,03,12,-0.3,-8.8
2015,03,13,-2.0,-10.0
2015,03,14,0.3,-3.3
2015,03,15,0.0,-8.1
2015,03,16,2.3,-11.4
2015,03,17,1.4,-7.8
2015,03,18,-5.1,-11.8
2015,03,19,-1.9,-12.8
2015,03,20,3.2,-9.9
2015,03,21,1.8,-10.3
2015,03,22,-8.9,-15.4
2015,03,23,-6.1,-15.9
2015,03,24,-0.4,-12.9
2015,03,25,6.9,-8.7
2015,03,26,5.3,1.0
2015,03,27,2.2,-5.5
2015,03,28,-1.8,-9.3
2015,03,29,3.3,-9.8
2015,03,30,4.0,-0.7
2015,03,31,2.2,-4.9
2015,04,01,2.0,-6.7
2015,04,02,10.2,-2.8
2015,04,03,12.8,5.2
2015,04,04,5.4,-4.5
2015,04,05,0.9,-5.2
2015,04,06,2.8,-6.2
2015,04,07,5.6,-3.9
2015,04,08,6.2,-3.4
2015,04,09,6.9,0.2
2015,04,10,11.5,3.1
2015,04,11,8.4,2.6
2015,04,12,16.8,2.3
2015,04,13,22.0,2.2
2015,04,14,16.8,5.4
2015,04,15,14.3,1.5
2015,04,16,16.3,-0.4
2015,04,17,20.4,6.2
2015,04,18,10.1,2.3
2015,04,19,12.2,0.6
2015,04,20,10.0,5.1
2015,04,21,12.1,4.6
2015,04,22,9.6,4.1
2015,04,23,6.4,1.7
2015,04,24,4.2,0.7
2015,04,25,12.1,0.6
2015,04,26,12.4,3.2
2015,04,27,14.9,5.1
2015,04,28,19.7,3.7
2015,04,29,17.0,5.9
2015,04,30,16.8,5.8
2015,05,01,19.3,7.6
2015,05,02,23.6,7.3
2015,05,03,25.1,10.4
2015,05,04,28.3,13.1
2015,05,05,20.5,9.3
2015,05,06,24.7,7.3
2015,05,07,26.8,11.6
2015,05,08,29.5,12.4
2015,05,09,28.1,12.8
2015,05,10,25.2,13.4
2015,05,11,13.9,7.8
2015,05,12,23.3,8.4
2015,05,13,17.1,7.0
2015,05,14,18.6,5.8
2015,05,15,21.4,7.1
2015,05,16,20.7,14.7
2015,05,17,24.0,14.5
2015,05,18,29.3,11.8
2015,05,19,26.7,12.1
2015,05,20,15.6,6.8
2015,05,21,19.8,8.0
2015,05,22,13.4,3.7
2015,05,23,17.2,2.7
2015,05,24,25.7,12.7
2015,05,25,20.9,15.6
2015,05,26,28.7,15.0
2015,05,27,28.3,20.9
2015,05,28,22.3,12.0
2015,05,29,25.4,10.3
2015,05,30,30.5,11.1
2015,05,31,14.5,8.2
2015,06,01,14.0,9.1
2015,06,02,13.3,6.5
2015,06,03,17.9,4.3
2015,06,04,24.5,8.1
2015,06,05,24.6,14.0
2015,06,06,19.8,8.9
2015,06,07,21.9,7.4
2015,06,08,22.0,14.4
2015,06,09,22.4,15.7
2015,06,10,24.0,15.6
2015,06,11,23.0,16.3
2015,06,12,21.1,13.8
2015,06,13,26.6,12.5
2015,06,14,23.8,12.4
2015,06,15,22.1,16.5
2015,06,16,22.8,14.0
2015,06,17,21.9,10.4
2015,06,18,27.1,14.9
2015,06,19,20.5,11.8
2015,06,20,24.5,9.8
2015,06,21,24.7,18.8
2015,06,22,26.6,17.2
2015,06,23,27.1,17.3
2015,06,24,24.2,13.6
2015,06,25,22.4,11.3
2015,06,26,24.1,11.9
2015,06,27,24.2,12.9
2015,06,28,19.7,12.7
2015,06,29,19.2,12.2
2015,06,30,25.3,13.7
2015,07,01,23.0,15.3
2015,07,02,23.1,13.3
2015,07,03,24.6,12.7
2015,07,04,24.8,14.1
2015,07,05,26.9,16.3
2015,07,06,28.1,16.4
2015,07,07,30.2,20.4
2015,07,08,23.3,15.2
2015,07,09,23.3,15.3
2015,07,10,28.7,16.0
2015,07,11,28.6,17.8
2015,07,12,29.5,20.4
2015,07,13,30.1,20.0
2015,07,14,28.2,15.6
2015,07,15,23.3,12.9
2015,07,16,23.4,10.4
2015,07,17,24.3,13.6
2015,07,18,25.5,18.1
2015,07,19,28.7,20.1
2015,07,20,27.6,19.4
2015,07,21,25.1,14.8
2015,07,22,22.2,14.6
2015,07,23,24.9,16.0
2015,07,24,24.0,16.4
2015,07,25,26.2,14.2
2015,07,26,27.3,19.1
2015,07,27,29.6,19.4
2015,07,28,30.9,17.8
2015,07,29,31.7,21.8
2015,07,30,28.7,21.4
2015,07,31,26.7,18.7
2015,08,01,25.8,16.0
2015,08,02,27.0,14.9
2015,08,03,26.0,18.7
2015,08,04,25.7,17.5
2015,08,05,24.0,15.9
2015,08,06,22.7,14.1
2015,08,07,22.2,12.0
2015,08,08,23.6,12.7
2015,08,09,25.9,15.3
2015,08,10,27.4,15.3
2015,08,11,21.1,17.6
2015,08,12,23.7,16.3
2015,08,13,23.1,16.3
2015,08,14,24.6,15.7
2015,08,15,27.7,19.3
2015,08,16,28.7,20.2
2015,08,17,30.7,20.0
2015,08,18,30.9,21.6
2015,08,19,31.2,20.6
2015,08,20,30.5,19.2
2015,08,21,26.1,17.4
2015,08,22,24.9,15.5
2015,08,23,27.7,16.0
2015,08,24,28.5,18.7
2015,08,25,25.9,14.9
2015,08,26,22.7,15.9
2015,08,27,22.9,14.6
2015,08,28,23.0,13.7
2015,08,29,23.8,14.5
2015,08,30,25.8,17.7
2015,08,31,25.4,16.5
2015,09,01,27.2,14.2
2015,09,02,25.8,19.4
2015,09,03,28.1,16.2
2015,09,04,26.1,12.6
2015,09,05,28.7,12.4
2015,09,06,30.8,18.4
2015,09,07,32.2,21.9
2015,09,08,28.0,20.9
2015,09,09,27.9,16.9
2015,09,10,24.2,15.6
2015,09,11,24.7,13.8
2015,09,12,19.2,14.6
2015,09,13,20.8,14.6
2015,09,14,20.9,14.4
2015,09,15,26.0,14.0
2015,09,16,27.7,15.4
2015,09,17,27.9,16.6
2015,09,18,28.4,16.0
2015,09,19,28.3,14.0
2015,09,20,18.2,9.4
2015,09,21,20.9,7.4
2015,09,22,22.7,10.6
2015,09,23,23.9,12.1
2015,09,24,19.2,10.1
2015,09,25,15.3,6.8
2015,09,26,17.7,5.3
2015,09,27,23.1,5.9
2015,09,28,21.4,14.4
2015,09,29,25.0,13.2
2015,09,30,13.3,6.3
2015,10,01,14.4,4.2
2015,10,02,13.0,4.0
2015,10,03,13.2,2.9
2015,10,04,15.3,2.9
2015,10,05,15.6,4.5
2015,10,06,15.4,10.9
2015,10,07,19.0,7.0
2015,10,08,12.1,3.9
2015,10,09,8.7,4.7
2015,10,10,10.0,2.6
2015,10,11,17.9,7.6
2015,10,12,23.5,12.1
2015,10,13,17.9,12.1
2015,10,14,14.4,2.9
2015,10,15,13.7,2.4
2015,10,16,11.5,4.9
2015,10,17,6.2,-2.0
2015,10,18,4.7,-4.3
2015,10,19,9.4,-4.9
2015,10,20,17.5,6.9
2015,10,21,10.1,0.5
2015,10,22,16.9,3.4
2015,10,23,8.2,-0.4
2015,10,24,10.2,0.3
2015,10,25,12.7,5.0
2015,10,26,7.2,-0.8
2015,10,27,10.6,-3.2
2015,10,28,10.8,-0.3
2015,10,29,14.8,6.9
2015,10,30,8.4,-1.2
2015,10,31,8.1,-3.2
2015,11,01,12.9,5.5
2015,11,02,10.8,5.2
2015,11,03,15.5,4.7
2015,11,04,13.5,1.4
2015,11,05,17.1,4.3
2015,11,06,19.5,9.8
2015,11,07,10.6,2.9
2015,11,08,7.4,-1.2
2015,11,09,11.9,1.7
2015,11,10,12.8,-0.1
2015,11,11,10.8,4.0
2015,11,12,11.9,6.3
2015,11,13,9.4,0.9
2015,11,14,4.1,-0.2
2015,11,15,7.5,0.5
2015,11,16,7.6,-3.2
2015,11,17,4.6,-4.7
2015,11,18,9.4,-4.5
2015,11,19,13.9,9.2
2015,11,20,11.0,0.0
2015,11,21,5.3,-2.0
2015,11,22,7.7,-3.2
2015,11,23,0.5,-6.2
2015,11,24,-2.7,-7.1
2015,11,25,4.5,-8.5
2015,11,26,9.8,3.6
2015,11,27,14.7,0.5
2015,11,28,1.2,-4.2
2015,11,29,0.3,-6.9
2015,11,30,-2.9,-10.1
2015,12,01,4.1,-7.3
2015,12,02,4.2,1.5
2015,12,03,5.8,-0.6
2015,12,04,5.7,0.1
2015,12,05,6.3,2.2
2015,12,06,5.8,-0.7
2015,12,07,4.1,-2.0
2015,12,08,3.9,-0.4
2015,12,09,7.2,0.1
2015,12,10,9.9,5.7
2015,12,11,14.0,6.4
2015,12,12,9.6,2.0
2015,12,13,3.4,-0.7
2015,12,14,3.6,0.9
2015,12,15,4.4,0.1
2015,12,16,1.6,-0.4
2015,12,17,7.6,-1.3
2015,12,18,7.0,1.1
2015,12,19,1.5,-4.8
2015,12,20,0.0,-6.1
2015,12,21,4.0,-1.5
2015,12,22,4.6,1.0
2015,12,23,10.7,1.6
2015,12,24,16.9,5.2
2015,12,25,7.6,1.0
2015,12,26,3.9,-2.2
2015,12,27,1.9,-4.1
2015,12,28,-4.1,-10.9
2015,12,29,-7.5,-12.1
2015,12,30,-5.1,-9.2
2015,12,31,-0.4,-5.2
2016,01,01,0.0,-4.0
2016,01,02,0.4,-4.5
2016,01,03,0.2,-14.4
2016,01,04,-12.9,-20.1
2016,01,05,-6.3,-21.2
2016,01,06,-0.3,-11.3
2016,01,07,-0.4,-8.7
2016,01,08,2.7,-8.6
2016,01,09,4.3,1.6
2016,01,10,7.7,-0.9
2016,01,11,-0.9,-11.7
2016,01,12,-3.0,-11.4
2016,01,13,-4.1,-14.0
2016,01,14,-9.7,-14.7
2016,01,15,-8.3,-13.8
2016,01,16,-1.8,-9.0
2016,01,17,-4.7,-11.4
2016,01,18,-7.4,-14.7
2016,01,19,-9.1,-16.4
2016,01,20,-4.4,-12.2
2016,01,21,-6.8,-15.5
2016,01,22,-3.2,-10.4
2016,01,23,-8.8,-13.8
2016,01,24,-6.5,-16.8
2016,01,25,-0.5,-6.6
2016,01,26,5.5,-1.9
2016,01,27,1.8,-6.9
2016,01,28,1.2,-7.4
2016,01,29,1.0,-7.5
2016,01,30,-0.9,-9.1
2016,01,31,5.8,-6.5
2016,02,01,8.6,0.2
2016,02,02,0.2,-6.2
2016,02,03,8.2,-5.2
2016,02,04,7.9,-0.2
2016,02,05,-0.1,-5.9
2016,02,06,1.2,-4.5
2016,02,07,0.9,-8.8
2016,02,08,-5.8,-9.1
2016,02,09,-5.6,-8.3
2016,02,10,-4.7,-8.9
2016,02,11,-8.2,-17.8
2016,02,12,-6.2,-19.8
2016,02,13,-11.0,-26.5
2016,02,14,-19.7,-27.6
2016,02,15,-5.2,-23.2
2016,02,16,0.6,-7.8
2016,02,17,-0.7,-10.8
2016,02,18,,-15.4
2016,02,19,1.2,-15.6
2016,02,20,4.2,-0.2
2016,02,21,3.0,-9.4
2016,02,22,-7.5,-13.8
2016,02,23,-5.4,-13.6
2016,02,24,0.5,-5.5
2016,02,25,1.5,-4.0
2016,02,26,-4.0,-12.7
2016,02,27,3.0,-11.2
2016,02,28,2.3,-8.7
2016,02,29,1.7,-9.8
2016,03,01,-9.1,-14.7
2016,03,02,-7.6,-14.3
2016,03,03,-11.5,-18.8
2016,03,04,-4.8,-18.0
2016,03,05,-2.4,-15.6
2016,03,06,2.1,-7.4
2016,03,07,3.8,-0.6
2016,03,08,3.9,0.8
2016,03,09,11.4,0.1
2016,03,10,8.0,1.8
2016,03,11,5.7,-0.7
2016,03,12,10.3,-1.6
2016,03,13,8.1,0.2
2016,03,14,5.5,-2.1
2016,03,15,9.6,2.7
2016,03,16,8.3,2.9
2016,03,17,11.8,1.0
2016,03,18,3.2,-4.8
2016,03,19,0.0,-8.3
2016,03,20,1.2,-8.8
2016,03,21,5.4,-7.4
2016,03,22,5.1,-6.1
2016,03,23,2.7,-2.8
2016,03,24,-1.8,-6.1
2016,03,25,1.2,-1.8
2016,03,26,4.4,-3.7
2016,03,27,14.0,-4.1
2016,03,28,7.9,2.3
2016,03,29,6.6,-1.2
2016,03,30,10.2,-2.0
2016,03,31,16.5,5.7
2016,04,01,16.4,3.2
2016,04,02,9.0,-3.1
2016,04,03,-3.0,-9.3
2016,04,04,-2.8,-10.0
2016,04,05,-0.2,-9.2
2016,04,06,3.8,-5.3
2016,04,07,4.3,0.2
2016,04,08,3.9,-3.7
2016,04,09,1.7,-6.0
2016,04,10,2.1,-6.9
2016,04,11,7.4,-1.4
2016,04,12,8.5,-0.2
2016,04,13,6.3,-1.9
2016,04,14,9.6,-2.0
2016,04,15,13.2,-0.6
2016,04,16,15.0,1.2
2016,04,17,22.0,2.6
2016,04,18,11.7,4.8
2016,04,19,14.2,2.4
2016,04,20,12.5,0.2
2016,04,21,21.5,2.3
2016,04,22,16.5,6.1
2016,04,23,12.5,2.1
2016,04,24,11.3,-0.6
2016,04,25,9.8,-0.1
2016,04,26,8.4,0.4
2016,04,27,7.1,-1.3
2016,04,28,6.9,-1.2
2016,04,29,11.6,-1.6
2016,04,30,15.1,1.2
2016,05,01,10.3,4.7
2016,05,02,8.8,4.4
2016,05,03,13.8,1.4
2016,05,04,14.0,3.7
2016,05,05,17.2,5.4
2016,05,06,21.0,6.4
2016,05,07,22.4,13.2
2016,05,08,13.2,2.1
2016,05,09,11.5,1.1
2016,05,10,19.2,6.1
2016,05,11,20.7,4.6
2016,05,12,25.2,9.2
2016,05,13,21.2,12.9
2016,05,14,21.4,8.3
2016,05,15,10.1,2.0
2016,05,16,9.6,2.8
2016,05,17,14.5,3.7
2016,05,18,17.8,5.2
2016,05,19,20.2,7.8
2016,05,20,23.7,8.3
2016,05,21,24.8,11.2
2016,05,22,25.7,11.4
2016,05,23,26.5,11.2
2016,05,24,29.0,11.6
2016,05,25,26.3,12.9
2016,05,26,24.5,11.7
2016,05,27,31.7,13.9
2016,05,28,28.4,16.1
2016,05,29,27.9,15.8
2016,05,30,29.4,19.1
2016,05,31,25.4,15.4
2016,06,01,24.8,13.4
2016,06,02,22.1,18.3
2016,06,03,26.4,16.7
2016,06,04,26.6,14.1
2016,06,05,19.4,15.0
2016,06,06,,
2016,06,07,,
2016,06,08,,
2016,06,09,,
2016,06,10,,
2016,06,11,,
2016,06,12,,
2016,06,13,,
2016,06,14,,
2016,06,15,,
2016,06,16,,
2016,06,17,,
2016,06,18,,
2016,06,19,,
2016,06,20,,
2016,06,21,,
2016,06,22,,
2016,06,23,,
2016,06,24,,
2016,06,25,,
2016,06,26,,
2016,06,27,,
2016,06,28,,
2016,06,29,,
2016,06,30,,
2016,07,01,,
2016,07,02,,
2016,07,03,,
2016,07,04,,
2016,07,05,,
2016,07,06,,
2016,07,07,,
2016,07,08,,
2016,07,09,,
2016,07,10,,
2016,07,11,,
2016,07,12,,
2016,07,13,,
2016,07,14,,
2016,07,15,,
2016,07,16,,
2016,07,17,,
2016,07,18,,
2016,07,19,,
2016,07,20,,
2016,07,21,,
2016,07,22,,
2016,07,23,,
2016,07,24,,
2016,07,25,,
2016,07,26,,
2016,07,27,,
2016,07,28,,
2016,07,29,,
2016,07,30,,
2016,07,31,,
2016,08,01,,
2016,08,02,,
2016,08,03,,
2016,08,04,,
2016,08,05,,
2016,08,06,,
2016,08,07,,
2016,08,08,,
2016,08,09,,
2016,08,10,,
2016,08,11,,
2016,08,12,,
2016,08,13,,
2016,08,14,,
2016,08,15,,
2016,08,16,,
2016,08,17,,
2016,08,18,,
2016,08,19,,
2016,08,20,,
2016,08,21,,
2016,08,22,,
2016,08,23,,
2016,08,24,,
2016,08,25,,
2016,08,26,,
2016,08,27,,
2016,08,28,,
2016,08,29,,
2016,08,30,,
2016,08,31,,
2016,09,01,,
2016,09,02,,
2016,09,03,,
2016,09,04,,
2016,09,05,,
2016,09,06,,
2016,09,07,,
2016,09,08,,
2016,09,09,,
2016,09,10,,
2016,09,11,,
2016,09,12,,
2016,09,13,,
2016,09,14,,
2016,09,15,,
2016,09,16,,
2016,09,17,,
2016,09,18,,
2016,09,19,,
2016,09,20,,
2016,09,21,,
2016,09,22,,
2016,09,23,,
2016,09,24,,
2016,09,25,,
2016,09,26,,
2016,09,27,,
2016,09,28,,
2016,09,29,,
2016,09,30,,
2016,10,01,,
2016,10,02,,
2016,10,03,,
2016,10,04,,
2016,10,05,,
2016,10,06,,
2016,10,07,,
2016,10,08,,
2016,10,09,,
2016,10,10,,
2016,10,11,,
2016,10,12,,
2016,10,13,,
2016,10,14,,
2016,10,15,,
2016,10,16,,
2016,10,17,,
2016,10,18,,
2016,10,19,,
2016,10,20,,
2016,10,21,,
2016,10,22,,
2016,10,23,,
2016,10,24,,
2016,10,25,,
2016,10,26,,
2016,10,27,,
2016,10,28,,
2016,10,29,,
2016,10,30,,
2016,10,31,,
2016,11,01,,
2016,11,02,,
2016,11,03,,
2016,11,04,,
2016,11,05,,
2016,11,06,,
2016,11,07,,
2016,11,08,,
2016,11,09,,
2016,11,10,,
2016,11,11,,
2016,11,12,,
2016,11,13,,
2016,11,14,,
2016,11,15,,
2016,11,16,,
2016,11,17,,
2016,11,18,,
2016,11,19,,
2016,11,20,,
2016,11,21,,
2016,11,22,,
2016,11,23,,
2016,11,24,,
2016,11,25,,
2016,11,26,,
2016,11,27,,
2016,11,28,,
2016,11,29,,
2016,11,30,,
2016,12,01,,
2016,12,02,,
2016,12,03,,
2016,12,04,,
2016,12,05,,
2016,12,06,,
2016,12,07,,
2016,12,08,,
2016,12,09,,
2016,12,10,,
2016,12,11,,
2016,12,12,,
2016,12,13,,
2016,12,14,,
2016,12,15,,
2016,12,16,,
2016,12,17,,
2016,12,18,,
2016,12,19,,
2016,12,20,,
2016,12,21,,
2016,12,22,,
2016,12,23,,
2016,12,24,,
2016,12,25,,
2016,12,26,,
2016,12,27,,
2016,12,28,,
2016,12,29,,
2016,12,30,,
2016,12,31,,
